Workbook

Sheet STATUS
B2: ET part number | C2: p000566
B4: PPAP Number | C4: PPAP Req'd by Customer | D4: Current Status | E4: PPAP/IMDS from | F4: CUSTOMER | G4: Country | H4: Customer PN | I4: ET Model | J4: Manufacturer | K4: ET Dwg | L4: Rev | M4: ET PN | N4: Description | O4: IMDS number | P4: IMDS Status | Q4: PPAP docs | R4: Run@Rate | S4: Packing spec | T4: Feasibility report | U4: Level | V4: PPAP samples status | W4: Reason of Submission | X4: Sent to Customer | Y4: PSW returned from Cust Signed
B5: {=IFERROR(INDEX('MASTER LIST'!B:B,SMALL(IF('MASTER LIST'!$N:$N=$C$2,ROW('MASTER LIST'!$N:$N),""),ROWS(B$5:B5))),"")} | C5: {=IFERROR(INDEX('MASTER LIST'!C:C,SMALL(IF('MASTER LIST'!$N:$N=$C$2,ROW('MASTER LIST'!$N:$N),""),ROWS(C$5:C5))),"")} | D5: {=IFERROR(INDEX('MASTER LIST'!D:D,SMALL(IF('MASTER LIST'!$N:$N=$C$2,ROW('MASTER LIST'!$N:$N),""),ROWS(D$5:D5))),"")} | E5: {=IFERROR(INDEX('MASTER LIST'!E:E,SMALL(IF('MASTER LIST'!$N:$N=$C$2,ROW('MASTER LIST'!$N:$N),""),ROWS(E$5:E5))),"")} | F5: {=IFERROR(INDEX('MASTER LIST'!G:G,SMALL(IF('MASTER LIST'!$N:$N=$C$2,ROW('MASTER LIST'!$N:$N),""),ROWS(F$5:F5))),"")} | G5: {=IFERROR(INDEX('MASTER LIST'!H:H,SMALL(IF('MASTER LIST'!$N:$N=$C$2,ROW('MASTER LIST'!$N:$N),""),ROWS(G$5:G5))),"")} | H5: {=IFERROR(INDEX('MASTER LIST'!I:I,SMALL(IF('MASTER LIST'!$N:$N=$C$2,ROW('MASTER LIST'!$N:$N),""),ROWS(H$5:H5))),"")} | I5: {=IFERROR(INDEX('MASTER LIST'!J:J,SMALL(IF('MASTER LIST'!$N:$N=$C$2,ROW('MASTER LIST'!$N:$N),""),ROWS(I$5:I5))),"")} | J5: {=IFERROR(INDEX('MASTER LIST'!K:K,SMALL(IF('MASTER LIST'!$N:$N=$C$2,ROW('MASTER LIST'!$N:$N),""),ROWS(J$5:J5))),"")} | K5: {=IFERROR(INDEX('MASTER LIST'!L:L,SMALL(IF('MASTER LIST'!$N:$N=$C$2,ROW('MASTER LIST'!$N:$N),""),ROWS(K$5:K5))),"")} | L5: {=IFERROR(INDEX('MASTER LIST'!M:M,SMALL(IF('MASTER LIST'!$N:$N=$C$2,ROW('MASTER LIST'!$N:$N),""),ROWS(L$5:L5))),"")} | M5: {=IFERROR(INDEX('MASTER LIST'!N:N,SMALL(IF('MASTER LIST'!$N:$N=$C$2,ROW('MASTER LIST'!$N:$N),""),ROWS(M$5:M5))),"")} | N5: {=IFERROR(INDEX('MASTER LIST'!P:P,SMALL(IF('MASTER LIST'!$N:$N=$C$2,ROW('MASTER LIST'!$N:$N),""),ROWS(N$5:N5))),"")} | O5: {=IFERROR(INDEX('MASTER LIST'!Q:Q,SMALL(IF('MASTER LIST'!$N:$N=$C$2,ROW('MASTER LIST'!$N:$N),""),ROWS(O$5:O5))),"")} | P5: {=IFERROR(INDEX('MASTER LIST'!#REF!,SMALL(IF('MASTER LIST'!$N:$N=$C$2,ROW('MASTER LIST'!$N:$N),""),ROWS(P$5:P5))),"")} | Q5: {=IFERROR(INDEX('MASTER LIST'!R:R,SMALL(IF('MASTER LIST'!$N:$N=$C$2,ROW('MASTER LIST'!$N:$N),""),ROWS(Q$5:Q5))),"")} | R5: {=IFERROR(INDEX('MASTER LIST'!#REF!,SMALL(IF('MASTER LIST'!$N:$N=$C$2,ROW('MASTER LIST'!$N:$N),""),ROWS(R$5:R5))),"")} | S5: {=IFERROR(INDEX('MASTER LIST'!#REF!,SMALL(IF('MASTER LIST'!$N:$N=$C$2,ROW('MASTER LIST'!$N:$N),""),ROWS(S$5:S5))),"")} | T5: {=IFERROR(INDEX('MASTER LIST'!#REF!,SMALL(IF('MASTER LIST'!$N:$N=$C$2,ROW('MASTER LIST'!$N:$N),""),ROWS(T$5:T5))),"")} | U5: {=IFERROR(INDEX('MASTER LIST'!S:S,SMALL(IF('MASTER LIST'!$N:$N=$C$2,ROW('MASTER LIST'!$N:$N),""),ROWS(U$5:U5))),"")} | V5: {=IFERROR(INDEX('MASTER LIST'!T:T,SMALL(IF('MASTER LIST'!$N:$N=$C$2,ROW('MASTER LIST'!$N:$N),""),ROWS(V$5:V5))),"")} | W5: {=IFERROR(INDEX('MASTER LIST'!U:U,SMALL(IF('MASTER LIST'!$N:$N=$C$2,ROW('MASTER LIST'!$N:$N),""),ROWS(W$5:W5))),"")} | X5: {=IFERROR(INDEX('MASTER LIST'!V:V,SMALL(IF('MASTER LIST'!$N:$N=$C$2,ROW('MASTER LIST'!$N:$N),""),ROWS(X$5:X5))),"")} | Y5: {=IFERROR(INDEX('MASTER LIST'!W:W,SMALL(IF('MASTER LIST'!$N:$N=$C$2,ROW('MASTER LIST'!$N:$N),""),ROWS(Y$5:Y5))),"")}
B6: {=IFERROR(INDEX('MASTER LIST'!B:B,SMALL(IF('MASTER LIST'!$N:$N=$C$2,ROW('MASTER LIST'!$N:$N),""),ROWS(B$5:B6))),"")} | C6: {=IFERROR(INDEX('MASTER LIST'!C:C,SMALL(IF('MASTER LIST'!$N:$N=$C$2,ROW('MASTER LIST'!$N:$N),""),ROWS(C$5:C6))),"")} | D6: {=IFERROR(INDEX('MASTER LIST'!D:D,SMALL(IF('MASTER LIST'!$N:$N=$C$2,ROW('MASTER LIST'!$N:$N),""),ROWS(D$5:D6))),"")} | E6: {=IFERROR(INDEX('MASTER LIST'!E:E,SMALL(IF('MASTER LIST'!$N:$N=$C$2,ROW('MASTER LIST'!$N:$N),""),ROWS(E$5:E6))),"")} | F6: {=IFERROR(INDEX('MASTER LIST'!G:G,SMALL(IF('MASTER LIST'!$N:$N=$C$2,ROW('MASTER LIST'!$N:$N),""),ROWS(F$5:F6))),"")} | G6: {=IFERROR(INDEX('MASTER LIST'!H:H,SMALL(IF('MASTER LIST'!$N:$N=$C$2,ROW('MASTER LIST'!$N:$N),""),ROWS(G$5:G6))),"")} | H6: {=IFERROR(INDEX('MASTER LIST'!I:I,SMALL(IF('MASTER LIST'!$N:$N=$C$2,ROW('MASTER LIST'!$N:$N),""),ROWS(H$5:H6))),"")} | I6: {=IFERROR(INDEX('MASTER LIST'!J:J,SMALL(IF('MASTER LIST'!$N:$N=$C$2,ROW('MASTER LIST'!$N:$N),""),ROWS(I$5:I6))),"")} | J6: {=IFERROR(INDEX('MASTER LIST'!K:K,SMALL(IF('MASTER LIST'!$N:$N=$C$2,ROW('MASTER LIST'!$N:$N),""),ROWS(J$5:J6))),"")} | K6: {=IFERROR(INDEX('MASTER LIST'!L:L,SMALL(IF('MASTER LIST'!$N:$N=$C$2,ROW('MASTER LIST'!$N:$N),""),ROWS(K$5:K6))),"")} | L6: {=IFERROR(INDEX('MASTER LIST'!M:M,SMALL(IF('MASTER LIST'!$N:$N=$C$2,ROW('MASTER LIST'!$N:$N),""),ROWS(L$5:L6))),"")} | M6: {=IFERROR(INDEX('MASTER LIST'!N:N,SMALL(IF('MASTER LIST'!$N:$N=$C$2,ROW('MASTER LIST'!$N:$N),""),ROWS(M$5:M6))),"")} | N6: {=IFERROR(INDEX('MASTER LIST'!P:P,SMALL(IF('MASTER LIST'!$N:$N=$C$2,ROW('MASTER LIST'!$N:$N),""),ROWS(N$5:N6))),"")} | O6: {=IFERROR(INDEX('MASTER LIST'!Q:Q,SMALL(IF('MASTER LIST'!$N:$N=$C$2,ROW('MASTER LIST'!$N:$N),""),ROWS(O$5:O6))),"")} | P6: {=IFERROR(INDEX('MASTER LIST'!#REF!,SMALL(IF('MASTER LIST'!$N:$N=$C$2,ROW('MASTER LIST'!$N:$N),""),ROWS(P$5:P6))),"")} | Q6: {=IFERROR(INDEX('MASTER LIST'!R:R,SMALL(IF('MASTER LIST'!$N:$N=$C$2,ROW('MASTER LIST'!$N:$N),""),ROWS(Q$5:Q6))),"")} | R6: {=IFERROR(INDEX('MASTER LIST'!#REF!,SMALL(IF('MASTER LIST'!$N:$N=$C$2,ROW('MASTER LIST'!$N:$N),""),ROWS(R$5:R6))),"")} | S6: {=IFERROR(INDEX('MASTER LIST'!#REF!,SMALL(IF('MASTER LIST'!$N:$N=$C$2,ROW('MASTER LIST'!$N:$N),""),ROWS(S$5:S6))),"")} | T6: {=IFERROR(INDEX('MASTER LIST'!#REF!,SMALL(IF('MASTER LIST'!$N:$N=$C$2,ROW('MASTER LIST'!$N:$N),""),ROWS(T$5:T6))),"")} | U6: {=IFERROR(INDEX('MASTER LIST'!S:S,SMALL(IF('MASTER LIST'!$N:$N=$C$2,ROW('MASTER LIST'!$N:$N),""),ROWS(U$5:U6))),"")} | V6: {=IFERROR(INDEX('MASTER LIST'!T:T,SMALL(IF('MASTER LIST'!$N:$N=$C$2,ROW('MASTER LIST'!$N:$N),""),ROWS(V$5:V6))),"")} | W6: {=IFERROR(INDEX('MASTER LIST'!U:U,SMALL(IF('MASTER LIST'!$N:$N=$C$2,ROW('MASTER LIST'!$N:$N),""),ROWS(W$5:W6))),"")} | X6: {=IFERROR(INDEX('MASTER LIST'!V:V,SMALL(IF('MASTER LIST'!$N:$N=$C$2,ROW('MASTER LIST'!$N:$N),""),ROWS(X$5:X6))),"")} | Y6: {=IFERROR(INDEX('MASTER LIST'!W:W,SMALL(IF('MASTER LIST'!$N:$N=$C$2,ROW('MASTER LIST'!$N:$N),""),ROWS(Y$5:Y6))),"")}
B7: {=IFERROR(INDEX('MASTER LIST'!B:B,SMALL(IF('MASTER LIST'!$N:$N=$C$2,ROW('MASTER LIST'!$N:$N),""),ROWS(B$5:B7))),"")} | C7: {=IFERROR(INDEX('MASTER LIST'!C:C,SMALL(IF('MASTER LIST'!$N:$N=$C$2,ROW('MASTER LIST'!$N:$N),""),ROWS(C$5:C7))),"")} | D7: {=IFERROR(INDEX('MASTER LIST'!D:D,SMALL(IF('MASTER LIST'!$N:$N=$C$2,ROW('MASTER LIST'!$N:$N),""),ROWS(D$5:D7))),"")} | E7: {=IFERROR(INDEX('MASTER LIST'!E:E,SMALL(IF('MASTER LIST'!$N:$N=$C$2,ROW('MASTER LIST'!$N:$N),""),ROWS(E$5:E7))),"")} | F7: {=IFERROR(INDEX('MASTER LIST'!G:G,SMALL(IF('MASTER LIST'!$N:$N=$C$2,ROW('MASTER LIST'!$N:$N),""),ROWS(F$5:F7))),"")} | G7: {=IFERROR(INDEX('MASTER LIST'!H:H,SMALL(IF('MASTER LIST'!$N:$N=$C$2,ROW('MASTER LIST'!$N:$N),""),ROWS(G$5:G7))),"")} | H7: {=IFERROR(INDEX('MASTER LIST'!I:I,SMALL(IF('MASTER LIST'!$N:$N=$C$2,ROW('MASTER LIST'!$N:$N),""),ROWS(H$5:H7))),"")} | I7: {=IFERROR(INDEX('MASTER LIST'!J:J,SMALL(IF('MASTER LIST'!$N:$N=$C$2,ROW('MASTER LIST'!$N:$N),""),ROWS(I$5:I7))),"")} | J7: {=IFERROR(INDEX('MASTER LIST'!K:K,SMALL(IF('MASTER LIST'!$N:$N=$C$2,ROW('MASTER LIST'!$N:$N),""),ROWS(J$5:J7))),"")} | K7: {=IFERROR(INDEX('MASTER LIST'!L:L,SMALL(IF('MASTER LIST'!$N:$N=$C$2,ROW('MASTER LIST'!$N:$N),""),ROWS(K$5:K7))),"")} | L7: {=IFERROR(INDEX('MASTER LIST'!M:M,SMALL(IF('MASTER LIST'!$N:$N=$C$2,ROW('MASTER LIST'!$N:$N),""),ROWS(L$5:L7))),"")} | M7: {=IFERROR(INDEX('MASTER LIST'!N:N,SMALL(IF('MASTER LIST'!$N:$N=$C$2,ROW('MASTER LIST'!$N:$N),""),ROWS(M$5:M7))),"")} | N7: {=IFERROR(INDEX('MASTER LIST'!P:P,SMALL(IF('MASTER LIST'!$N:$N=$C$2,ROW('MASTER LIST'!$N:$N),""),ROWS(N$5:N7))),"")} | O7: {=IFERROR(INDEX('MASTER LIST'!Q:Q,SMALL(IF('MASTER LIST'!$N:$N=$C$2,ROW('MASTER LIST'!$N:$N),""),ROWS(O$5:O7))),"")} | P7: {=IFERROR(INDEX('MASTER LIST'!#REF!,SMALL(IF('MASTER LIST'!$N:$N=$C$2,ROW('MASTER LIST'!$N:$N),""),ROWS(P$5:P7))),"")} | Q7: {=IFERROR(INDEX('MASTER LIST'!R:R,SMALL(IF('MASTER LIST'!$N:$N=$C$2,ROW('MASTER LIST'!$N:$N),""),ROWS(Q$5:Q7))),"")} | R7: {=IFERROR(INDEX('MASTER LIST'!#REF!,SMALL(IF('MASTER LIST'!$N:$N=$C$2,ROW('MASTER LIST'!$N:$N),""),ROWS(R$5:R7))),"")} | S7: {=IFERROR(INDEX('MASTER LIST'!#REF!,SMALL(IF('MASTER LIST'!$N:$N=$C$2,ROW('MASTER LIST'!$N:$N),""),ROWS(S$5:S7))),"")} | T7: {=IFERROR(INDEX('MASTER LIST'!#REF!,SMALL(IF('MASTER LIST'!$N:$N=$C$2,ROW('MASTER LIST'!$N:$N),""),ROWS(T$5:T7))),"")} | U7: {=IFERROR(INDEX('MASTER LIST'!S:S,SMALL(IF('MASTER LIST'!$N:$N=$C$2,ROW('MASTER LIST'!$N:$N),""),ROWS(U$5:U7))),"")} | V7: {=IFERROR(INDEX('MASTER LIST'!T:T,SMALL(IF('MASTER LIST'!$N:$N=$C$2,ROW('MASTER LIST'!$N:$N),""),ROWS(V$5:V7))),"")} | W7: {=IFERROR(INDEX('MASTER LIST'!U:U,SMALL(IF('MASTER LIST'!$N:$N=$C$2,ROW('MASTER LIST'!$N:$N),""),ROWS(W$5:W7))),"")} | X7: {=IFERROR(INDEX('MASTER LIST'!V:V,SMALL(IF('MASTER LIST'!$N:$N=$C$2,ROW('MASTER LIST'!$N:$N),""),ROWS(X$5:X7))),"")} | Y7: {=IFERROR(INDEX('MASTER LIST'!W:W,SMALL(IF('MASTER LIST'!$N:$N=$C$2,ROW('MASTER LIST'!$N:$N),""),ROWS(Y$5:Y7))),"")}
B8: {=IFERROR(INDEX('MASTER LIST'!B:B,SMALL(IF('MASTER LIST'!$N:$N=$C$2,ROW('MASTER LIST'!$N:$N),""),ROWS(B$5:B8))),"")} | C8: {=IFERROR(INDEX('MASTER LIST'!C:C,SMALL(IF('MASTER LIST'!$N:$N=$C$2,ROW('MASTER LIST'!$N:$N),""),ROWS(C$5:C8))),"")} | D8: {=IFERROR(INDEX('MASTER LIST'!D:D,SMALL(IF('MASTER LIST'!$N:$N=$C$2,ROW('MASTER LIST'!$N:$N),""),ROWS(D$5:D8))),"")} | E8: {=IFERROR(INDEX('MASTER LIST'!E:E,SMALL(IF('MASTER LIST'!$N:$N=$C$2,ROW('MASTER LIST'!$N:$N),""),ROWS(E$5:E8))),"")} | F8: {=IFERROR(INDEX('MASTER LIST'!G:G,SMALL(IF('MASTER LIST'!$N:$N=$C$2,ROW('MASTER LIST'!$N:$N),""),ROWS(F$5:F8))),"")} | G8: {=IFERROR(INDEX('MASTER LIST'!H:H,SMALL(IF('MASTER LIST'!$N:$N=$C$2,ROW('MASTER LIST'!$N:$N),""),ROWS(G$5:G8))),"")} | H8: {=IFERROR(INDEX('MASTER LIST'!I:I,SMALL(IF('MASTER LIST'!$N:$N=$C$2,ROW('MASTER LIST'!$N:$N),""),ROWS(H$5:H8))),"")} | I8: {=IFERROR(INDEX('MASTER LIST'!J:J,SMALL(IF('MASTER LIST'!$N:$N=$C$2,ROW('MASTER LIST'!$N:$N),""),ROWS(I$5:I8))),"")} | J8: {=IFERROR(INDEX('MASTER LIST'!K:K,SMALL(IF('MASTER LIST'!$N:$N=$C$2,ROW('MASTER LIST'!$N:$N),""),ROWS(J$5:J8))),"")} | K8: {=IFERROR(INDEX('MASTER LIST'!L:L,SMALL(IF('MASTER LIST'!$N:$N=$C$2,ROW('MASTER LIST'!$N:$N),""),ROWS(K$5:K8))),"")} | L8: {=IFERROR(INDEX('MASTER LIST'!M:M,SMALL(IF('MASTER LIST'!$N:$N=$C$2,ROW('MASTER LIST'!$N:$N),""),ROWS(L$5:L8))),"")} | M8: {=IFERROR(INDEX('MASTER LIST'!N:N,SMALL(IF('MASTER LIST'!$N:$N=$C$2,ROW('MASTER LIST'!$N:$N),""),ROWS(M$5:M8))),"")} | N8: {=IFERROR(INDEX('MASTER LIST'!P:P,SMALL(IF('MASTER LIST'!$N:$N=$C$2,ROW('MASTER LIST'!$N:$N),""),ROWS(N$5:N8))),"")} | O8: {=IFERROR(INDEX('MASTER LIST'!Q:Q,SMALL(IF('MASTER LIST'!$N:$N=$C$2,ROW('MASTER LIST'!$N:$N),""),ROWS(O$5:O8))),"")} | P8: {=IFERROR(INDEX('MASTER LIST'!#REF!,SMALL(IF('MASTER LIST'!$N:$N=$C$2,ROW('MASTER LIST'!$N:$N),""),ROWS(P$5:P8))),"")} | Q8: {=IFERROR(INDEX('MASTER LIST'!R:R,SMALL(IF('MASTER LIST'!$N:$N=$C$2,ROW('MASTER LIST'!$N:$N),""),ROWS(Q$5:Q8))),"")} | R8: {=IFERROR(INDEX('MASTER LIST'!#REF!,SMALL(IF('MASTER LIST'!$N:$N=$C$2,ROW('MASTER LIST'!$N:$N),""),ROWS(R$5:R8))),"")} | S8: {=IFERROR(INDEX('MASTER LIST'!#REF!,SMALL(IF('MASTER LIST'!$N:$N=$C$2,ROW('MASTER LIST'!$N:$N),""),ROWS(S$5:S8))),"")} | T8: {=IFERROR(INDEX('MASTER LIST'!#REF!,SMALL(IF('MASTER LIST'!$N:$N=$C$2,ROW('MASTER LIST'!$N:$N),""),ROWS(T$5:T8))),"")} | U8: {=IFERROR(INDEX('MASTER LIST'!S:S,SMALL(IF('MASTER LIST'!$N:$N=$C$2,ROW('MASTER LIST'!$N:$N),""),ROWS(U$5:U8))),"")} | V8: {=IFERROR(INDEX('MASTER LIST'!T:T,SMALL(IF('MASTER LIST'!$N:$N=$C$2,ROW('MASTER LIST'!$N:$N),""),ROWS(V$5:V8))),"")} | W8: {=IFERROR(INDEX('MASTER LIST'!U:U,SMALL(IF('MASTER LIST'!$N:$N=$C$2,ROW('MASTER LIST'!$N:$N),""),ROWS(W$5:W8))),"")} | X8: {=IFERROR(INDEX('MASTER LIST'!V:V,SMALL(IF('MASTER LIST'!$N:$N=$C$2,ROW('MASTER LIST'!$N:$N),""),ROWS(X$5:X8))),"")} | Y8: {=IFERROR(INDEX('MASTER LIST'!W:W,SMALL(IF('MASTER LIST'!$N:$N=$C$2,ROW('MASTER LIST'!$N:$N),""),ROWS(Y$5:Y8))),"")}
B9: {=IFERROR(INDEX('MASTER LIST'!B:B,SMALL(IF('MASTER LIST'!$N:$N=$C$2,ROW('MASTER LIST'!$N:$N),""),ROWS(B$5:B9))),"")} | C9: {=IFERROR(INDEX('MASTER LIST'!C:C,SMALL(IF('MASTER LIST'!$N:$N=$C$2,ROW('MASTER LIST'!$N:$N),""),ROWS(C$5:C9))),"")} | D9: {=IFERROR(INDEX('MASTER LIST'!D:D,SMALL(IF('MASTER LIST'!$N:$N=$C$2,ROW('MASTER LIST'!$N:$N),""),ROWS(D$5:D9))),"")} | E9: {=IFERROR(INDEX('MASTER LIST'!E:E,SMALL(IF('MASTER LIST'!$N:$N=$C$2,ROW('MASTER LIST'!$N:$N),""),ROWS(E$5:E9))),"")} | F9: {=IFERROR(INDEX('MASTER LIST'!G:G,SMALL(IF('MASTER LIST'!$N:$N=$C$2,ROW('MASTER LIST'!$N:$N),""),ROWS(F$5:F9))),"")} | G9: {=IFERROR(INDEX('MASTER LIST'!H:H,SMALL(IF('MASTER LIST'!$N:$N=$C$2,ROW('MASTER LIST'!$N:$N),""),ROWS(G$5:G9))),"")} | H9: {=IFERROR(INDEX('MASTER LIST'!I:I,SMALL(IF('MASTER LIST'!$N:$N=$C$2,ROW('MASTER LIST'!$N:$N),""),ROWS(H$5:H9))),"")} | I9: {=IFERROR(INDEX('MASTER LIST'!J:J,SMALL(IF('MASTER LIST'!$N:$N=$C$2,ROW('MASTER LIST'!$N:$N),""),ROWS(I$5:I9))),"")} | J9: {=IFERROR(INDEX('MASTER LIST'!K:K,SMALL(IF('MASTER LIST'!$N:$N=$C$2,ROW('MASTER LIST'!$N:$N),""),ROWS(J$5:J9))),"")} | K9: {=IFERROR(INDEX('MASTER LIST'!L:L,SMALL(IF('MASTER LIST'!$N:$N=$C$2,ROW('MASTER LIST'!$N:$N),""),ROWS(K$5:K9))),"")} | L9: {=IFERROR(INDEX('MASTER LIST'!M:M,SMALL(IF('MASTER LIST'!$N:$N=$C$2,ROW('MASTER LIST'!$N:$N),""),ROWS(L$5:L9))),"")} | M9: {=IFERROR(INDEX('MASTER LIST'!N:N,SMALL(IF('MASTER LIST'!$N:$N=$C$2,ROW('MASTER LIST'!$N:$N),""),ROWS(M$5:M9))),"")} | N9: {=IFERROR(INDEX('MASTER LIST'!P:P,SMALL(IF('MASTER LIST'!$N:$N=$C$2,ROW('MASTER LIST'!$N:$N),""),ROWS(N$5:N9))),"")} | O9: {=IFERROR(INDEX('MASTER LIST'!Q:Q,SMALL(IF('MASTER LIST'!$N:$N=$C$2,ROW('MASTER LIST'!$N:$N),""),ROWS(O$5:O9))),"")} | P9: {=IFERROR(INDEX('MASTER LIST'!#REF!,SMALL(IF('MASTER LIST'!$N:$N=$C$2,ROW('MASTER LIST'!$N:$N),""),ROWS(P$5:P9))),"")} | Q9: {=IFERROR(INDEX('MASTER LIST'!R:R,SMALL(IF('MASTER LIST'!$N:$N=$C$2,ROW('MASTER LIST'!$N:$N),""),ROWS(Q$5:Q9))),"")} | R9: {=IFERROR(INDEX('MASTER LIST'!#REF!,SMALL(IF('MASTER LIST'!$N:$N=$C$2,ROW('MASTER LIST'!$N:$N),""),ROWS(R$5:R9))),"")} | S9: {=IFERROR(INDEX('MASTER LIST'!#REF!,SMALL(IF('MASTER LIST'!$N:$N=$C$2,ROW('MASTER LIST'!$N:$N),""),ROWS(S$5:S9))),"")} | T9: {=IFERROR(INDEX('MASTER LIST'!#REF!,SMALL(IF('MASTER LIST'!$N:$N=$C$2,ROW('MASTER LIST'!$N:$N),""),ROWS(T$5:T9))),"")} | U9: {=IFERROR(INDEX('MASTER LIST'!S:S,SMALL(IF('MASTER LIST'!$N:$N=$C$2,ROW('MASTER LIST'!$N:$N),""),ROWS(U$5:U9))),"")} | V9: {=IFERROR(INDEX('MASTER LIST'!T:T,SMALL(IF('MASTER LIST'!$N:$N=$C$2,ROW('MASTER LIST'!$N:$N),""),ROWS(V$5:V9))),"")} | W9: {=IFERROR(INDEX('MASTER LIST'!U:U,SMALL(IF('MASTER LIST'!$N:$N=$C$2,ROW('MASTER LIST'!$N:$N),""),ROWS(W$5:W9))),"")} | X9: {=IFERROR(INDEX('MASTER LIST'!V:V,SMALL(IF('MASTER LIST'!$N:$N=$C$2,ROW('MASTER LIST'!$N:$N),""),ROWS(X$5:X9))),"")} | Y9: {=IFERROR(INDEX('MASTER LIST'!W:W,SMALL(IF('MASTER LIST'!$N:$N=$C$2,ROW('MASTER LIST'!$N:$N),""),ROWS(Y$5:Y9))),"")}
B10: {=IFERROR(INDEX('MASTER LIST'!B:B,SMALL(IF('MASTER LIST'!$N:$N=$C$2,ROW('MASTER LIST'!$N:$N),""),ROWS(B$5:B10))),"")} | C10: {=IFERROR(INDEX('MASTER LIST'!C:C,SMALL(IF('MASTER LIST'!$N:$N=$C$2,ROW('MASTER LIST'!$N:$N),""),ROWS(C$5:C10))),"")} | D10: {=IFERROR(INDEX('MASTER LIST'!D:D,SMALL(IF('MASTER LIST'!$N:$N=$C$2,ROW('MASTER LIST'!$N:$N),""),ROWS(D$5:D10))),"")} | E10: {=IFERROR(INDEX('MASTER LIST'!E:E,SMALL(IF('MASTER LIST'!$N:$N=$C$2,ROW('MASTER LIST'!$N:$N),""),ROWS(E$5:E10))),"")} | F10: {=IFERROR(INDEX('MASTER LIST'!G:G,SMALL(IF('MASTER LIST'!$N:$N=$C$2,ROW('MASTER LIST'!$N:$N),""),ROWS(F$5:F10))),"")} | G10: {=IFERROR(INDEX('MASTER LIST'!H:H,SMALL(IF('MASTER LIST'!$N:$N=$C$2,ROW('MASTER LIST'!$N:$N),""),ROWS(G$5:G10))),"")} | H10: {=IFERROR(INDEX('MASTER LIST'!I:I,SMALL(IF('MASTER LIST'!$N:$N=$C$2,ROW('MASTER LIST'!$N:$N),""),ROWS(H$5:H10))),"")} | I10: {=IFERROR(INDEX('MASTER LIST'!J:J,SMALL(IF('MASTER LIST'!$N:$N=$C$2,ROW('MASTER LIST'!$N:$N),""),ROWS(I$5:I10))),"")} | J10: {=IFERROR(INDEX('MASTER LIST'!K:K,SMALL(IF('MASTER LIST'!$N:$N=$C$2,ROW('MASTER LIST'!$N:$N),""),ROWS(J$5:J10))),"")} | K10: {=IFERROR(INDEX('MASTER LIST'!L:L,SMALL(IF('MASTER LIST'!$N:$N=$C$2,ROW('MASTER LIST'!$N:$N),""),ROWS(K$5:K10))),"")} | L10: {=IFERROR(INDEX('MASTER LIST'!M:M,SMALL(IF('MASTER LIST'!$N:$N=$C$2,ROW('MASTER LIST'!$N:$N),""),ROWS(L$5:L10))),"")} | M10: {=IFERROR(INDEX('MASTER LIST'!N:N,SMALL(IF('MASTER LIST'!$N:$N=$C$2,ROW('MASTER LIST'!$N:$N),""),ROWS(M$5:M10))),"")} | N10: {=IFERROR(INDEX('MASTER LIST'!P:P,SMALL(IF('MASTER LIST'!$N:$N=$C$2,ROW('MASTER LIST'!$N:$N),""),ROWS(N$5:N10))),"")} | O10: {=IFERROR(INDEX('MASTER LIST'!Q:Q,SMALL(IF('MASTER LIST'!$N:$N=$C$2,ROW('MASTER LIST'!$N:$N),""),ROWS(O$5:O10))),"")} | P10: {=IFERROR(INDEX('MASTER LIST'!#REF!,SMALL(IF('MASTER LIST'!$N:$N=$C$2,ROW('MASTER LIST'!$N:$N),""),ROWS(P$5:P10))),"")} | Q10: {=IFERROR(INDEX('MASTER LIST'!R:R,SMALL(IF('MASTER LIST'!$N:$N=$C$2,ROW('MASTER LIST'!$N:$N),""),ROWS(Q$5:Q10))),"")} | R10: {=IFERROR(INDEX('MASTER LIST'!#REF!,SMALL(IF('MASTER LIST'!$N:$N=$C$2,ROW('MASTER LIST'!$N:$N),""),ROWS(R$5:R10))),"")} | S10: {=IFERROR(INDEX('MASTER LIST'!#REF!,SMALL(IF('MASTER LIST'!$N:$N=$C$2,ROW('MASTER LIST'!$N:$N),""),ROWS(S$5:S10))),"")} | T10: {=IFERROR(INDEX('MASTER LIST'!#REF!,SMALL(IF('MASTER LIST'!$N:$N=$C$2,ROW('MASTER LIST'!$N:$N),""),ROWS(T$5:T10))),"")} | U10: {=IFERROR(INDEX('MASTER LIST'!S:S,SMALL(IF('MASTER LIST'!$N:$N=$C$2,ROW('MASTER LIST'!$N:$N),""),ROWS(U$5:U10))),"")} | V10: {=IFERROR(INDEX('MASTER LIST'!T:T,SMALL(IF('MASTER LIST'!$N:$N=$C$2,ROW('MASTER LIST'!$N:$N),""),ROWS(V$5:V10))),"")} | W10: {=IFERROR(INDEX('MASTER LIST'!U:U,SMALL(IF('MASTER LIST'!$N:$N=$C$2,ROW('MASTER LIST'!$N:$N),""),ROWS(W$5:W10))),"")} | X10: {=IFERROR(INDEX('MASTER LIST'!V:V,SMALL(IF('MASTER LIST'!$N:$N=$C$2,ROW('MASTER LIST'!$N:$N),""),ROWS(X$5:X10))),"")} | Y10: {=IFERROR(INDEX('MASTER LIST'!W:W,SMALL(IF('MASTER LIST'!$N:$N=$C$2,ROW('MASTER LIST'!$N:$N),""),ROWS(Y$5:Y10))),"")}
B11: {=IFERROR(INDEX('MASTER LIST'!B:B,SMALL(IF('MASTER LIST'!$N:$N=$C$2,ROW('MASTER LIST'!$N:$N),""),ROWS(B$5:B11))),"")} | C11: {=IFERROR(INDEX('MASTER LIST'!C:C,SMALL(IF('MASTER LIST'!$N:$N=$C$2,ROW('MASTER LIST'!$N:$N),""),ROWS(C$5:C11))),"")} | D11: {=IFERROR(INDEX('MASTER LIST'!D:D,SMALL(IF('MASTER LIST'!$N:$N=$C$2,ROW('MASTER LIST'!$N:$N),""),ROWS(D$5:D11))),"")} | E11: {=IFERROR(INDEX('MASTER LIST'!E:E,SMALL(IF('MASTER LIST'!$N:$N=$C$2,ROW('MASTER LIST'!$N:$N),""),ROWS(E$5:E11))),"")} | F11: {=IFERROR(INDEX('MASTER LIST'!G:G,SMALL(IF('MASTER LIST'!$N:$N=$C$2,ROW('MASTER LIST'!$N:$N),""),ROWS(F$5:F11))),"")} | G11: {=IFERROR(INDEX('MASTER LIST'!H:H,SMALL(IF('MASTER LIST'!$N:$N=$C$2,ROW('MASTER LIST'!$N:$N),""),ROWS(G$5:G11))),"")} | H11: {=IFERROR(INDEX('MASTER LIST'!I:I,SMALL(IF('MASTER LIST'!$N:$N=$C$2,ROW('MASTER LIST'!$N:$N),""),ROWS(H$5:H11))),"")} | I11: {=IFERROR(INDEX('MASTER LIST'!J:J,SMALL(IF('MASTER LIST'!$N:$N=$C$2,ROW('MASTER LIST'!$N:$N),""),ROWS(I$5:I11))),"")} | J11: {=IFERROR(INDEX('MASTER LIST'!K:K,SMALL(IF('MASTER LIST'!$N:$N=$C$2,ROW('MASTER LIST'!$N:$N),""),ROWS(J$5:J11))),"")} | K11: {=IFERROR(INDEX('MASTER LIST'!L:L,SMALL(IF('MASTER LIST'!$N:$N=$C$2,ROW('MASTER LIST'!$N:$N),""),ROWS(K$5:K11))),"")} | L11: {=IFERROR(INDEX('MASTER LIST'!M:M,SMALL(IF('MASTER LIST'!$N:$N=$C$2,ROW('MASTER LIST'!$N:$N),""),ROWS(L$5:L11))),"")} | M11: {=IFERROR(INDEX('MASTER LIST'!N:N,SMALL(IF('MASTER LIST'!$N:$N=$C$2,ROW('MASTER LIST'!$N:$N),""),ROWS(M$5:M11))),"")} | N11: {=IFERROR(INDEX('MASTER LIST'!P:P,SMALL(IF('MASTER LIST'!$N:$N=$C$2,ROW('MASTER LIST'!$N:$N),""),ROWS(N$5:N11))),"")} | O11: {=IFERROR(INDEX('MASTER LIST'!Q:Q,SMALL(IF('MASTER LIST'!$N:$N=$C$2,ROW('MASTER LIST'!$N:$N),""),ROWS(O$5:O11))),"")} | P11: {=IFERROR(INDEX('MASTER LIST'!#REF!,SMALL(IF('MASTER LIST'!$N:$N=$C$2,ROW('MASTER LIST'!$N:$N),""),ROWS(P$5:P11))),"")} | Q11: {=IFERROR(INDEX('MASTER LIST'!R:R,SMALL(IF('MASTER LIST'!$N:$N=$C$2,ROW('MASTER LIST'!$N:$N),""),ROWS(Q$5:Q11))),"")} | R11: {=IFERROR(INDEX('MASTER LIST'!#REF!,SMALL(IF('MASTER LIST'!$N:$N=$C$2,ROW('MASTER LIST'!$N:$N),""),ROWS(R$5:R11))),"")} | S11: {=IFERROR(INDEX('MASTER LIST'!#REF!,SMALL(IF('MASTER LIST'!$N:$N=$C$2,ROW('MASTER LIST'!$N:$N),""),ROWS(S$5:S11))),"")} | T11: {=IFERROR(INDEX('MASTER LIST'!#REF!,SMALL(IF('MASTER LIST'!$N:$N=$C$2,ROW('MASTER LIST'!$N:$N),""),ROWS(T$5:T11))),"")} | U11: {=IFERROR(INDEX('MASTER LIST'!S:S,SMALL(IF('MASTER LIST'!$N:$N=$C$2,ROW('MASTER LIST'!$N:$N),""),ROWS(U$5:U11))),"")} | V11: {=IFERROR(INDEX('MASTER LIST'!T:T,SMALL(IF('MASTER LIST'!$N:$N=$C$2,ROW('MASTER LIST'!$N:$N),""),ROWS(V$5:V11))),"")} | W11: {=IFERROR(INDEX('MASTER LIST'!U:U,SMALL(IF('MASTER LIST'!$N:$N=$C$2,ROW('MASTER LIST'!$N:$N),""),ROWS(W$5:W11))),"")} | X11: {=IFERROR(INDEX('MASTER LIST'!V:V,SMALL(IF('MASTER LIST'!$N:$N=$C$2,ROW('MASTER LIST'!$N:$N),""),ROWS(X$5:X11))),"")} | Y11: {=IFERROR(INDEX('MASTER LIST'!W:W,SMALL(IF('MASTER LIST'!$N:$N=$C$2,ROW('MASTER LIST'!$N:$N),""),ROWS(Y$5:Y11))),"")}
B12: {=IFERROR(INDEX('MASTER LIST'!B:B,SMALL(IF('MASTER LIST'!$N:$N=$C$2,ROW('MASTER LIST'!$N:$N),""),ROWS(B$5:B12))),"")} | C12: {=IFERROR(INDEX('MASTER LIST'!C:C,SMALL(IF('MASTER LIST'!$N:$N=$C$2,ROW('MASTER LIST'!$N:$N),""),ROWS(C$5:C12))),"")} | D12: {=IFERROR(INDEX('MASTER LIST'!D:D,SMALL(IF('MASTER LIST'!$N:$N=$C$2,ROW('MASTER LIST'!$N:$N),""),ROWS(D$5:D12))),"")} | E12: {=IFERROR(INDEX('MASTER LIST'!E:E,SMALL(IF('MASTER LIST'!$N:$N=$C$2,ROW('MASTER LIST'!$N:$N),""),ROWS(E$5:E12))),"")} | F12: {=IFERROR(INDEX('MASTER LIST'!G:G,SMALL(IF('MASTER LIST'!$N:$N=$C$2,ROW('MASTER LIST'!$N:$N),""),ROWS(F$5:F12))),"")} | G12: {=IFERROR(INDEX('MASTER LIST'!H:H,SMALL(IF('MASTER LIST'!$N:$N=$C$2,ROW('MASTER LIST'!$N:$N),""),ROWS(G$5:G12))),"")} | H12: {=IFERROR(INDEX('MASTER LIST'!I:I,SMALL(IF('MASTER LIST'!$N:$N=$C$2,ROW('MASTER LIST'!$N:$N),""),ROWS(H$5:H12))),"")} | I12: {=IFERROR(INDEX('MASTER LIST'!J:J,SMALL(IF('MASTER LIST'!$N:$N=$C$2,ROW('MASTER LIST'!$N:$N),""),ROWS(I$5:I12))),"")} | J12: {=IFERROR(INDEX('MASTER LIST'!K:K,SMALL(IF('MASTER LIST'!$N:$N=$C$2,ROW('MASTER LIST'!$N:$N),""),ROWS(J$5:J12))),"")} | K12: {=IFERROR(INDEX('MASTER LIST'!L:L,SMALL(IF('MASTER LIST'!$N:$N=$C$2,ROW('MASTER LIST'!$N:$N),""),ROWS(K$5:K12))),"")} | L12: {=IFERROR(INDEX('MASTER LIST'!M:M,SMALL(IF('MASTER LIST'!$N:$N=$C$2,ROW('MASTER LIST'!$N:$N),""),ROWS(L$5:L12))),"")} | M12: {=IFERROR(INDEX('MASTER LIST'!N:N,SMALL(IF('MASTER LIST'!$N:$N=$C$2,ROW('MASTER LIST'!$N:$N),""),ROWS(M$5:M12))),"")} | N12: {=IFERROR(INDEX('MASTER LIST'!P:P,SMALL(IF('MASTER LIST'!$N:$N=$C$2,ROW('MASTER LIST'!$N:$N),""),ROWS(N$5:N12))),"")} | O12: {=IFERROR(INDEX('MASTER LIST'!Q:Q,SMALL(IF('MASTER LIST'!$N:$N=$C$2,ROW('MASTER LIST'!$N:$N),""),ROWS(O$5:O12))),"")} | P12: {=IFERROR(INDEX('MASTER LIST'!#REF!,SMALL(IF('MASTER LIST'!$N:$N=$C$2,ROW('MASTER LIST'!$N:$N),""),ROWS(P$5:P12))),"")} | Q12: {=IFERROR(INDEX('MASTER LIST'!R:R,SMALL(IF('MASTER LIST'!$N:$N=$C$2,ROW('MASTER LIST'!$N:$N),""),ROWS(Q$5:Q12))),"")} | R12: {=IFERROR(INDEX('MASTER LIST'!#REF!,SMALL(IF('MASTER LIST'!$N:$N=$C$2,ROW('MASTER LIST'!$N:$N),""),ROWS(R$5:R12))),"")} | S12: {=IFERROR(INDEX('MASTER LIST'!#REF!,SMALL(IF('MASTER LIST'!$N:$N=$C$2,ROW('MASTER LIST'!$N:$N),""),ROWS(S$5:S12))),"")} | T12: {=IFERROR(INDEX('MASTER LIST'!#REF!,SMALL(IF('MASTER LIST'!$N:$N=$C$2,ROW('MASTER LIST'!$N:$N),""),ROWS(T$5:T12))),"")} | U12: {=IFERROR(INDEX('MASTER LIST'!S:S,SMALL(IF('MASTER LIST'!$N:$N=$C$2,ROW('MASTER LIST'!$N:$N),""),ROWS(U$5:U12))),"")} | V12: {=IFERROR(INDEX('MASTER LIST'!T:T,SMALL(IF('MASTER LIST'!$N:$N=$C$2,ROW('MASTER LIST'!$N:$N),""),ROWS(V$5:V12))),"")} | W12: {=IFERROR(INDEX('MASTER LIST'!U:U,SMALL(IF('MASTER LIST'!$N:$N=$C$2,ROW('MASTER LIST'!$N:$N),""),ROWS(W$5:W12))),"")} | X12: {=IFERROR(INDEX('MASTER LIST'!V:V,SMALL(IF('MASTER LIST'!$N:$N=$C$2,ROW('MASTER LIST'!$N:$N),""),ROWS(X$5:X12))),"")} | Y12: {=IFERROR(INDEX('MASTER LIST'!W:W,SMALL(IF('MASTER LIST'!$N:$N=$C$2,ROW('MASTER LIST'!$N:$N),""),ROWS(Y$5:Y12))),"")}
B13: {=IFERROR(INDEX('MASTER LIST'!B:B,SMALL(IF('MASTER LIST'!$N:$N=$C$2,ROW('MASTER LIST'!$N:$N),""),ROWS(B$5:B13))),"")} | C13: {=IFERROR(INDEX('MASTER LIST'!C:C,SMALL(IF('MASTER LIST'!$N:$N=$C$2,ROW('MASTER LIST'!$N:$N),""),ROWS(C$5:C13))),"")} | D13: {=IFERROR(INDEX('MASTER LIST'!D:D,SMALL(IF('MASTER LIST'!$N:$N=$C$2,ROW('MASTER LIST'!$N:$N),""),ROWS(D$5:D13))),"")} | E13: {=IFERROR(INDEX('MASTER LIST'!E:E,SMALL(IF('MASTER LIST'!$N:$N=$C$2,ROW('MASTER LIST'!$N:$N),""),ROWS(E$5:E13))),"")} | F13: {=IFERROR(INDEX('MASTER LIST'!G:G,SMALL(IF('MASTER LIST'!$N:$N=$C$2,ROW('MASTER LIST'!$N:$N),""),ROWS(F$5:F13))),"")} | G13: {=IFERROR(INDEX('MASTER LIST'!H:H,SMALL(IF('MASTER LIST'!$N:$N=$C$2,ROW('MASTER LIST'!$N:$N),""),ROWS(G$5:G13))),"")} | H13: {=IFERROR(INDEX('MASTER LIST'!I:I,SMALL(IF('MASTER LIST'!$N:$N=$C$2,ROW('MASTER LIST'!$N:$N),""),ROWS(H$5:H13))),"")} | I13: {=IFERROR(INDEX('MASTER LIST'!J:J,SMALL(IF('MASTER LIST'!$N:$N=$C$2,ROW('MASTER LIST'!$N:$N),""),ROWS(I$5:I13))),"")} | J13: {=IFERROR(INDEX('MASTER LIST'!K:K,SMALL(IF('MASTER LIST'!$N:$N=$C$2,ROW('MASTER LIST'!$N:$N),""),ROWS(J$5:J13))),"")} | K13: {=IFERROR(INDEX('MASTER LIST'!L:L,SMALL(IF('MASTER LIST'!$N:$N=$C$2,ROW('MASTER LIST'!$N:$N),""),ROWS(K$5:K13))),"")} | L13: {=IFERROR(INDEX('MASTER LIST'!M:M,SMALL(IF('MASTER LIST'!$N:$N=$C$2,ROW('MASTER LIST'!$N:$N),""),ROWS(L$5:L13))),"")} | M13: {=IFERROR(INDEX('MASTER LIST'!N:N,SMALL(IF('MASTER LIST'!$N:$N=$C$2,ROW('MASTER LIST'!$N:$N),""),ROWS(M$5:M13))),"")} | N13: {=IFERROR(INDEX('MASTER LIST'!P:P,SMALL(IF('MASTER LIST'!$N:$N=$C$2,ROW('MASTER LIST'!$N:$N),""),ROWS(N$5:N13))),"")} | O13: {=IFERROR(INDEX('MASTER LIST'!Q:Q,SMALL(IF('MASTER LIST'!$N:$N=$C$2,ROW('MASTER LIST'!$N:$N),""),ROWS(O$5:O13))),"")} | P13: {=IFERROR(INDEX('MASTER LIST'!#REF!,SMALL(IF('MASTER LIST'!$N:$N=$C$2,ROW('MASTER LIST'!$N:$N),""),ROWS(P$5:P13))),"")} | Q13: {=IFERROR(INDEX('MASTER LIST'!R:R,SMALL(IF('MASTER LIST'!$N:$N=$C$2,ROW('MASTER LIST'!$N:$N),""),ROWS(Q$5:Q13))),"")} | R13: {=IFERROR(INDEX('MASTER LIST'!#REF!,SMALL(IF('MASTER LIST'!$N:$N=$C$2,ROW('MASTER LIST'!$N:$N),""),ROWS(R$5:R13))),"")} | S13: {=IFERROR(INDEX('MASTER LIST'!#REF!,SMALL(IF('MASTER LIST'!$N:$N=$C$2,ROW('MASTER LIST'!$N:$N),""),ROWS(S$5:S13))),"")} | T13: {=IFERROR(INDEX('MASTER LIST'!#REF!,SMALL(IF('MASTER LIST'!$N:$N=$C$2,ROW('MASTER LIST'!$N:$N),""),ROWS(T$5:T13))),"")} | U13: {=IFERROR(INDEX('MASTER LIST'!S:S,SMALL(IF('MASTER LIST'!$N:$N=$C$2,ROW('MASTER LIST'!$N:$N),""),ROWS(U$5:U13))),"")} | V13: {=IFERROR(INDEX('MASTER LIST'!T:T,SMALL(IF('MASTER LIST'!$N:$N=$C$2,ROW('MASTER LIST'!$N:$N),""),ROWS(V$5:V13))),"")} | W13: {=IFERROR(INDEX('MASTER LIST'!U:U,SMALL(IF('MASTER LIST'!$N:$N=$C$2,ROW('MASTER LIST'!$N:$N),""),ROWS(W$5:W13))),"")} | X13: {=IFERROR(INDEX('MASTER LIST'!V:V,SMALL(IF('MASTER LIST'!$N:$N=$C$2,ROW('MASTER LIST'!$N:$N),""),ROWS(X$5:X13))),"")} | Y13: {=IFERROR(INDEX('MASTER LIST'!W:W,SMALL(IF('MASTER LIST'!$N:$N=$C$2,ROW('MASTER LIST'!$N:$N),""),ROWS(Y$5:Y13))),"")}
B14: {=IFERROR(INDEX('MASTER LIST'!B:B,SMALL(IF('MASTER LIST'!$N:$N=$C$2,ROW('MASTER LIST'!$N:$N),""),ROWS(B$5:B14))),"")} | C14: {=IFERROR(INDEX('MASTER LIST'!C:C,SMALL(IF('MASTER LIST'!$N:$N=$C$2,ROW('MASTER LIST'!$N:$N),""),ROWS(C$5:C14))),"")} | D14: {=IFERROR(INDEX('MASTER LIST'!D:D,SMALL(IF('MASTER LIST'!$N:$N=$C$2,ROW('MASTER LIST'!$N:$N),""),ROWS(D$5:D14))),"")} | E14: {=IFERROR(INDEX('MASTER LIST'!E:E,SMALL(IF('MASTER LIST'!$N:$N=$C$2,ROW('MASTER LIST'!$N:$N),""),ROWS(E$5:E14))),"")} | F14: {=IFERROR(INDEX('MASTER LIST'!G:G,SMALL(IF('MASTER LIST'!$N:$N=$C$2,ROW('MASTER LIST'!$N:$N),""),ROWS(F$5:F14))),"")} | G14: {=IFERROR(INDEX('MASTER LIST'!H:H,SMALL(IF('MASTER LIST'!$N:$N=$C$2,ROW('MASTER LIST'!$N:$N),""),ROWS(G$5:G14))),"")} | H14: {=IFERROR(INDEX('MASTER LIST'!I:I,SMALL(IF('MASTER LIST'!$N:$N=$C$2,ROW('MASTER LIST'!$N:$N),""),ROWS(H$5:H14))),"")} | I14: {=IFERROR(INDEX('MASTER LIST'!J:J,SMALL(IF('MASTER LIST'!$N:$N=$C$2,ROW('MASTER LIST'!$N:$N),""),ROWS(I$5:I14))),"")} | J14: {=IFERROR(INDEX('MASTER LIST'!K:K,SMALL(IF('MASTER LIST'!$N:$N=$C$2,ROW('MASTER LIST'!$N:$N),""),ROWS(J$5:J14))),"")} | K14: {=IFERROR(INDEX('MASTER LIST'!L:L,SMALL(IF('MASTER LIST'!$N:$N=$C$2,ROW('MASTER LIST'!$N:$N),""),ROWS(K$5:K14))),"")} | L14: {=IFERROR(INDEX('MASTER LIST'!M:M,SMALL(IF('MASTER LIST'!$N:$N=$C$2,ROW('MASTER LIST'!$N:$N),""),ROWS(L$5:L14))),"")} | M14: {=IFERROR(INDEX('MASTER LIST'!N:N,SMALL(IF('MASTER LIST'!$N:$N=$C$2,ROW('MASTER LIST'!$N:$N),""),ROWS(M$5:M14))),"")} | N14: {=IFERROR(INDEX('MASTER LIST'!P:P,SMALL(IF('MASTER LIST'!$N:$N=$C$2,ROW('MASTER LIST'!$N:$N),""),ROWS(N$5:N14))),"")} | O14: {=IFERROR(INDEX('MASTER LIST'!Q:Q,SMALL(IF('MASTER LIST'!$N:$N=$C$2,ROW('MASTER LIST'!$N:$N),""),ROWS(O$5:O14))),"")} | P14: {=IFERROR(INDEX('MASTER LIST'!#REF!,SMALL(IF('MASTER LIST'!$N:$N=$C$2,ROW('MASTER LIST'!$N:$N),""),ROWS(P$5:P14))),"")} | Q14: {=IFERROR(INDEX('MASTER LIST'!R:R,SMALL(IF('MASTER LIST'!$N:$N=$C$2,ROW('MASTER LIST'!$N:$N),""),ROWS(Q$5:Q14))),"")} | R14: {=IFERROR(INDEX('MASTER LIST'!#REF!,SMALL(IF('MASTER LIST'!$N:$N=$C$2,ROW('MASTER LIST'!$N:$N),""),ROWS(R$5:R14))),"")} | S14: {=IFERROR(INDEX('MASTER LIST'!#REF!,SMALL(IF('MASTER LIST'!$N:$N=$C$2,ROW('MASTER LIST'!$N:$N),""),ROWS(S$5:S14))),"")} | T14: {=IFERROR(INDEX('MASTER LIST'!#REF!,SMALL(IF('MASTER LIST'!$N:$N=$C$2,ROW('MASTER LIST'!$N:$N),""),ROWS(T$5:T14))),"")} | U14: {=IFERROR(INDEX('MASTER LIST'!S:S,SMALL(IF('MASTER LIST'!$N:$N=$C$2,ROW('MASTER LIST'!$N:$N),""),ROWS(U$5:U14))),"")} | V14: {=IFERROR(INDEX('MASTER LIST'!T:T,SMALL(IF('MASTER LIST'!$N:$N=$C$2,ROW('MASTER LIST'!$N:$N),""),ROWS(V$5:V14))),"")} | W14: {=IFERROR(INDEX('MASTER LIST'!U:U,SMALL(IF('MASTER LIST'!$N:$N=$C$2,ROW('MASTER LIST'!$N:$N),""),ROWS(W$5:W14))),"")} | X14: {=IFERROR(INDEX('MASTER LIST'!V:V,SMALL(IF('MASTER LIST'!$N:$N=$C$2,ROW('MASTER LIST'!$N:$N),""),ROWS(X$5:X14))),"")} | Y14: {=IFERROR(INDEX('MASTER LIST'!W:W,SMALL(IF('MASTER LIST'!$N:$N=$C$2,ROW('MASTER LIST'!$N:$N),""),ROWS(Y$5:Y14))),"")}
B15: {=IFERROR(INDEX('MASTER LIST'!B:B,SMALL(IF('MASTER LIST'!$N:$N=$C$2,ROW('MASTER LIST'!$N:$N),""),ROWS(B$5:B15))),"")} | C15: {=IFERROR(INDEX('MASTER LIST'!C:C,SMALL(IF('MASTER LIST'!$N:$N=$C$2,ROW('MASTER LIST'!$N:$N),""),ROWS(C$5:C15))),"")} | D15: {=IFERROR(INDEX('MASTER LIST'!D:D,SMALL(IF('MASTER LIST'!$N:$N=$C$2,ROW('MASTER LIST'!$N:$N),""),ROWS(D$5:D15))),"")} | E15: {=IFERROR(INDEX('MASTER LIST'!E:E,SMALL(IF('MASTER LIST'!$N:$N=$C$2,ROW('MASTER LIST'!$N:$N),""),ROWS(E$5:E15))),"")} | F15: {=IFERROR(INDEX('MASTER LIST'!G:G,SMALL(IF('MASTER LIST'!$N:$N=$C$2,ROW('MASTER LIST'!$N:$N),""),ROWS(F$5:F15))),"")} | G15: {=IFERROR(INDEX('MASTER LIST'!H:H,SMALL(IF('MASTER LIST'!$N:$N=$C$2,ROW('MASTER LIST'!$N:$N),""),ROWS(G$5:G15))),"")} | H15: {=IFERROR(INDEX('MASTER LIST'!I:I,SMALL(IF('MASTER LIST'!$N:$N=$C$2,ROW('MASTER LIST'!$N:$N),""),ROWS(H$5:H15))),"")} | I15: {=IFERROR(INDEX('MASTER LIST'!J:J,SMALL(IF('MASTER LIST'!$N:$N=$C$2,ROW('MASTER LIST'!$N:$N),""),ROWS(I$5:I15))),"")} | J15: {=IFERROR(INDEX('MASTER LIST'!K:K,SMALL(IF('MASTER LIST'!$N:$N=$C$2,ROW('MASTER LIST'!$N:$N),""),ROWS(J$5:J15))),"")} | K15: {=IFERROR(INDEX('MASTER LIST'!L:L,SMALL(IF('MASTER LIST'!$N:$N=$C$2,ROW('MASTER LIST'!$N:$N),""),ROWS(K$5:K15))),"")} | L15: {=IFERROR(INDEX('MASTER LIST'!M:M,SMALL(IF('MASTER LIST'!$N:$N=$C$2,ROW('MASTER LIST'!$N:$N),""),ROWS(L$5:L15))),"")} | M15: {=IFERROR(INDEX('MASTER LIST'!N:N,SMALL(IF('MASTER LIST'!$N:$N=$C$2,ROW('MASTER LIST'!$N:$N),""),ROWS(M$5:M15))),"")} | N15: {=IFERROR(INDEX('MASTER LIST'!P:P,SMALL(IF('MASTER LIST'!$N:$N=$C$2,ROW('MASTER LIST'!$N:$N),""),ROWS(N$5:N15))),"")} | O15: {=IFERROR(INDEX('MASTER LIST'!Q:Q,SMALL(IF('MASTER LIST'!$N:$N=$C$2,ROW('MASTER LIST'!$N:$N),""),ROWS(O$5:O15))),"")} | P15: {=IFERROR(INDEX('MASTER LIST'!#REF!,SMALL(IF('MASTER LIST'!$N:$N=$C$2,ROW('MASTER LIST'!$N:$N),""),ROWS(P$5:P15))),"")} | Q15: {=IFERROR(INDEX('MASTER LIST'!R:R,SMALL(IF('MASTER LIST'!$N:$N=$C$2,ROW('MASTER LIST'!$N:$N),""),ROWS(Q$5:Q15))),"")} | R15: {=IFERROR(INDEX('MASTER LIST'!#REF!,SMALL(IF('MASTER LIST'!$N:$N=$C$2,ROW('MASTER LIST'!$N:$N),""),ROWS(R$5:R15))),"")} | S15: {=IFERROR(INDEX('MASTER LIST'!#REF!,SMALL(IF('MASTER LIST'!$N:$N=$C$2,ROW('MASTER LIST'!$N:$N),""),ROWS(S$5:S15))),"")} | T15: {=IFERROR(INDEX('MASTER LIST'!#REF!,SMALL(IF('MASTER LIST'!$N:$N=$C$2,ROW('MASTER LIST'!$N:$N),""),ROWS(T$5:T15))),"")} | U15: {=IFERROR(INDEX('MASTER LIST'!S:S,SMALL(IF('MASTER LIST'!$N:$N=$C$2,ROW('MASTER LIST'!$N:$N),""),ROWS(U$5:U15))),"")} | V15: {=IFERROR(INDEX('MASTER LIST'!T:T,SMALL(IF('MASTER LIST'!$N:$N=$C$2,ROW('MASTER LIST'!$N:$N),""),ROWS(V$5:V15))),"")} | W15: {=IFERROR(INDEX('MASTER LIST'!U:U,SMALL(IF('MASTER LIST'!$N:$N=$C$2,ROW('MASTER LIST'!$N:$N),""),ROWS(W$5:W15))),"")} | X15: {=IFERROR(INDEX('MASTER LIST'!V:V,SMALL(IF('MASTER LIST'!$N:$N=$C$2,ROW('MASTER LIST'!$N:$N),""),ROWS(X$5:X15))),"")} | Y15: {=IFERROR(INDEX('MASTER LIST'!W:W,SMALL(IF('MASTER LIST'!$N:$N=$C$2,ROW('MASTER LIST'!$N:$N),""),ROWS(Y$5:Y15))),"")}
B16: {=IFERROR(INDEX('MASTER LIST'!B:B,SMALL(IF('MASTER LIST'!$N:$N=$C$2,ROW('MASTER LIST'!$N:$N),""),ROWS(B$5:B16))),"")} | C16: {=IFERROR(INDEX('MASTER LIST'!C:C,SMALL(IF('MASTER LIST'!$N:$N=$C$2,ROW('MASTER LIST'!$N:$N),""),ROWS(C$5:C16))),"")} | D16: {=IFERROR(INDEX('MASTER LIST'!D:D,SMALL(IF('MASTER LIST'!$N:$N=$C$2,ROW('MASTER LIST'!$N:$N),""),ROWS(D$5:D16))),"")} | E16: {=IFERROR(INDEX('MASTER LIST'!E:E,SMALL(IF('MASTER LIST'!$N:$N=$C$2,ROW('MASTER LIST'!$N:$N),""),ROWS(E$5:E16))),"")} | F16: {=IFERROR(INDEX('MASTER LIST'!G:G,SMALL(IF('MASTER LIST'!$N:$N=$C$2,ROW('MASTER LIST'!$N:$N),""),ROWS(F$5:F16))),"")} | G16: {=IFERROR(INDEX('MASTER LIST'!H:H,SMALL(IF('MASTER LIST'!$N:$N=$C$2,ROW('MASTER LIST'!$N:$N),""),ROWS(G$5:G16))),"")} | H16: {=IFERROR(INDEX('MASTER LIST'!I:I,SMALL(IF('MASTER LIST'!$N:$N=$C$2,ROW('MASTER LIST'!$N:$N),""),ROWS(H$5:H16))),"")} | I16: {=IFERROR(INDEX('MASTER LIST'!J:J,SMALL(IF('MASTER LIST'!$N:$N=$C$2,ROW('MASTER LIST'!$N:$N),""),ROWS(I$5:I16))),"")} | J16: {=IFERROR(INDEX('MASTER LIST'!K:K,SMALL(IF('MASTER LIST'!$N:$N=$C$2,ROW('MASTER LIST'!$N:$N),""),ROWS(J$5:J16))),"")} | K16: {=IFERROR(INDEX('MASTER LIST'!L:L,SMALL(IF('MASTER LIST'!$N:$N=$C$2,ROW('MASTER LIST'!$N:$N),""),ROWS(K$5:K16))),"")} | L16: {=IFERROR(INDEX('MASTER LIST'!M:M,SMALL(IF('MASTER LIST'!$N:$N=$C$2,ROW('MASTER LIST'!$N:$N),""),ROWS(L$5:L16))),"")} | M16: {=IFERROR(INDEX('MASTER LIST'!N:N,SMALL(IF('MASTER LIST'!$N:$N=$C$2,ROW('MASTER LIST'!$N:$N),""),ROWS(M$5:M16))),"")} | N16: {=IFERROR(INDEX('MASTER LIST'!P:P,SMALL(IF('MASTER LIST'!$N:$N=$C$2,ROW('MASTER LIST'!$N:$N),""),ROWS(N$5:N16))),"")} | O16: {=IFERROR(INDEX('MASTER LIST'!Q:Q,SMALL(IF('MASTER LIST'!$N:$N=$C$2,ROW('MASTER LIST'!$N:$N),""),ROWS(O$5:O16))),"")} | P16: {=IFERROR(INDEX('MASTER LIST'!#REF!,SMALL(IF('MASTER LIST'!$N:$N=$C$2,ROW('MASTER LIST'!$N:$N),""),ROWS(P$5:P16))),"")} | Q16: {=IFERROR(INDEX('MASTER LIST'!R:R,SMALL(IF('MASTER LIST'!$N:$N=$C$2,ROW('MASTER LIST'!$N:$N),""),ROWS(Q$5:Q16))),"")} | R16: {=IFERROR(INDEX('MASTER LIST'!#REF!,SMALL(IF('MASTER LIST'!$N:$N=$C$2,ROW('MASTER LIST'!$N:$N),""),ROWS(R$5:R16))),"")} | S16: {=IFERROR(INDEX('MASTER LIST'!#REF!,SMALL(IF('MASTER LIST'!$N:$N=$C$2,ROW('MASTER LIST'!$N:$N),""),ROWS(S$5:S16))),"")} | T16: {=IFERROR(INDEX('MASTER LIST'!#REF!,SMALL(IF('MASTER LIST'!$N:$N=$C$2,ROW('MASTER LIST'!$N:$N),""),ROWS(T$5:T16))),"")} | U16: {=IFERROR(INDEX('MASTER LIST'!S:S,SMALL(IF('MASTER LIST'!$N:$N=$C$2,ROW('MASTER LIST'!$N:$N),""),ROWS(U$5:U16))),"")} | V16: {=IFERROR(INDEX('MASTER LIST'!T:T,SMALL(IF('MASTER LIST'!$N:$N=$C$2,ROW('MASTER LIST'!$N:$N),""),ROWS(V$5:V16))),"")} | W16: {=IFERROR(INDEX('MASTER LIST'!U:U,SMALL(IF('MASTER LIST'!$N:$N=$C$2,ROW('MASTER LIST'!$N:$N),""),ROWS(W$5:W16))),"")} | X16: {=IFERROR(INDEX('MASTER LIST'!V:V,SMALL(IF('MASTER LIST'!$N:$N=$C$2,ROW('MASTER LIST'!$N:$N),""),ROWS(X$5:X16))),"")} | Y16: {=IFERROR(INDEX('MASTER LIST'!W:W,SMALL(IF('MASTER LIST'!$N:$N=$C$2,ROW('MASTER LIST'!$N:$N),""),ROWS(Y$5:Y16))),"")}
... B25: {=IFERROR(INDEX('MASTER LIST'!B:B,SMALL(IF('MASTER LIST'!$N:$N=$C$2,ROW('MASTER LIST'!$N:$N),""),ROWS(B$5:B25))),"")} | C25: {=IFERROR(INDEX('MASTER LIST'!C:C,SMALL(IF('MASTER LIST'!$N:$N=$C$2,ROW('MASTER LIST'!$N:$N),""),ROWS(C$5:C25))),"")} | D25: {=IFERROR(INDEX('MASTER LIST'!D:D,SMALL(IF('MASTER LIST'!$N:$N=$C$2,ROW('MASTER LIST'!$N:$N),""),ROWS(D$5:D25))),"")} | E25: {=IFERROR(INDEX('MASTER LIST'!E:E,SMALL(IF('MASTER LIST'!$N:$N=$C$2,ROW('MASTER LIST'!$N:$N),""),ROWS(E$5:E25))),"")} | F25: {=IFERROR(INDEX('MASTER LIST'!G:G,SMALL(IF('MASTER LIST'!$N:$N=$C$2,ROW('MASTER LIST'!$N:$N),""),ROWS(F$5:F25))),"")} | G25: {=IFERROR(INDEX('MASTER LIST'!H:H,SMALL(IF('MASTER LIST'!$N:$N=$C$2,ROW('MASTER LIST'!$N:$N),""),ROWS(G$5:G25))),"")} | H25: {=IFERROR(INDEX('MASTER LIST'!I:I,SMALL(IF('MASTER LIST'!$N:$N=$C$2,ROW('MASTER LIST'!$N:$N),""),ROWS(H$5:H25))),"")} | I25: {=IFERROR(INDEX('MASTER LIST'!J:J,SMALL(IF('MASTER LIST'!$N:$N=$C$2,ROW('MASTER LIST'!$N:$N),""),ROWS(I$5:I25))),"")} | J25: {=IFERROR(INDEX('MASTER LIST'!K:K,SMALL(IF('MASTER LIST'!$N:$N=$C$2,ROW('MASTER LIST'!$N:$N),""),ROWS(J$5:J25))),"")} | K25: {=IFERROR(INDEX('MASTER LIST'!L:L,SMALL(IF('MASTER LIST'!$N:$N=$C$2,ROW('MASTER LIST'!$N:$N),""),ROWS(K$5:K25))),"")} | L25: {=IFERROR(INDEX('MASTER LIST'!M:M,SMALL(IF('MASTER LIST'!$N:$N=$C$2,ROW('MASTER LIST'!$N:$N),""),ROWS(L$5:L25))),"")} | M25: {=IFERROR(INDEX('MASTER LIST'!N:N,SMALL(IF('MASTER LIST'!$N:$N=$C$2,ROW('MASTER LIST'!$N:$N),""),ROWS(M$5:M25))),"")} | N25: {=IFERROR(INDEX('MASTER LIST'!P:P,SMALL(IF('MASTER LIST'!$N:$N=$C$2,ROW('MASTER LIST'!$N:$N),""),ROWS(N$5:N25))),"")} | O25: {=IFERROR(INDEX('MASTER LIST'!Q:Q,SMALL(IF('MASTER LIST'!$N:$N=$C$2,ROW('MASTER LIST'!$N:$N),""),ROWS(O$5:O25))),"")} | P25: {=IFERROR(INDEX('MASTER LIST'!#REF!,SMALL(IF('MASTER LIST'!$N:$N=$C$2,ROW('MASTER LIST'!$N:$N),""),ROWS(P$5:P25))),"")} | Q25: {=IFERROR(INDEX('MASTER LIST'!R:R,SMALL(IF('MASTER LIST'!$N:$N=$C$2,ROW('MASTER LIST'!$N:$N),""),ROWS(Q$5:Q25))),"")} | R25: {=IFERROR(INDEX('MASTER LIST'!#REF!,SMALL(IF('MASTER LIST'!$N:$N=$C$2,ROW('MASTER LIST'!$N:$N),""),ROWS(R$5:R25))),"")} | S25: {=IFERROR(INDEX('MASTER LIST'!#REF!,SMALL(IF('MASTER LIST'!$N:$N=$C$2,ROW('MASTER LIST'!$N:$N),""),ROWS(S$5:S25))),"")} | T25: {=IFERROR(INDEX('MASTER LIST'!#REF!,SMALL(IF('MASTER LIST'!$N:$N=$C$2,ROW('MASTER LIST'!$N:$N),""),ROWS(T$5:T25))),"")} | U25: {=IFERROR(INDEX('MASTER LIST'!S:S,SMALL(IF('MASTER LIST'!$N:$N=$C$2,ROW('MASTER LIST'!$N:$N),""),ROWS(U$5:U25))),"")} | V25: {=IFERROR(INDEX('MASTER LIST'!T:T,SMALL(IF('MASTER LIST'!$N:$N=$C$2,ROW('MASTER LIST'!$N:$N),""),ROWS(V$5:V25))),"")} | W25: {=IFERROR(INDEX('MASTER LIST'!U:U,SMALL(IF('MASTER LIST'!$N:$N=$C$2,ROW('MASTER LIST'!$N:$N),""),ROWS(W$5:W25))),"")} | X25: {=IFERROR(INDEX('MASTER LIST'!V:V,SMALL(IF('MASTER LIST'!$N:$N=$C$2,ROW('MASTER LIST'!$N:$N),""),ROWS(X$5:X25))),"")} | Y25: {=IFERROR(INDEX('MASTER LIST'!W:W,SMALL(IF('MASTER LIST'!$N:$N=$C$2,ROW('MASTER LIST'!$N:$N),""),ROWS(Y$5:Y25))),"")}

Sheet MASTER LIST
R1: DOCUMENTATION FROM MANUFACTURER | T1: requested shipped received approved
A3: DAYS TO SUBMIT | B3: PPAP Number | C3: PPAP Req'd by Customer | D3: Current Status | E3: PPAP/IMDS from | F3: C_ID | G3: CUSTOMER | H3: Country | I3: Customer PN | J3: ET Model | K3: Manufacturer | L3: ET Dwg | M3: Rev | N3: ET PN | P3: Description | Q3: IMDS number | R3: PPAP docs | S3: Level | T3: PPAP samples status | U3: Reason of Submission | V3: Sent to Customer | W3: PSW returned from Cust Signed | X3: Origin from report | Y3: Comments | Z3: INSPECTION REPORT NUMBER
A4: =IF(V4="",(TODAY()-C4),(V4-C4)) -> 42115 | B4: PP00001-1 | C4: 2021 | D4: Program died | E4: VEN025 | G4: Gentherm | H4: Mexico | I4: 18052000A | J4: ET36 | K4: =IF(E4="KTG","KTG",(VLOOKUP(J4,'list of outsource'!B:H,2,0))) -> #N/A | L4: D000017 | N4: P000035 | P4: ET36 SWN090-40PVV000, 4.6-800m Black | S4: 2 | V4: 44136
A5: =IF(V5="",(TODAY()-C5),(V5-C5)) -> 42114 | B5: PP00001-1 | C5: 2022 | D5: Program died | E5: VEN025 | G5: Gentherm | H5: Mexico | I5: 18052000A | J5: ET36 | K5: =IF(E5="KTG","KTG",(VLOOKUP(J5,'list of outsource'!B:H,2,0))) -> #N/A | L5: D000017 | N5: P000035 | P5: ET36 SWN090-40PVV000, 4.6-800m Black | S5: 2 | V5: 44136
A6: =IF(V6="",(TODAY()-C6),(V6-C6)) -> 42115 | B6: PP00001-2 | C6: 2021 | D6: Program died | E6: VEN025 | G6: Gentherm | H6: Mexico | I6: 18052001A | J6: ET36 | K6: =IF(E6="KTG","KTG",(VLOOKUP(J6,'list of outsource'!B:H,2,0))) -> #N/A | L6: D000017 | N6: P000036 | P6: ET36 SWN090-40PVV000, 5.1-500m Black | S6: 2 | V6: 44136
A7: =IF(V7="",(TODAY()-C7),(V7-C7)) -> 42114 | B7: PP00001-2 | C7: 2022 | D7: Program died | E7: VEN025 | G7: Gentherm | H7: Mexico | I7: 18052001A | J7: ET36 | K7: =IF(E7="KTG","KTG",(VLOOKUP(J7,'list of outsource'!B:H,2,0))) -> #N/A | L7: D000017 | N7: P000036 | P7: ET36 SWN090-40PVV000, 5.1-500m Black | S7: 2 | V7: 44136
A8: =IF(V8="",(TODAY()-C8),(V8-C8)) -> 42115 | B8: PP00001-3 | C8: 2021 | D8: Program died | E8: VEN025 | G8: Gentherm | H8: Mexico | I8: 12000051A | J8: ET36 | K8: =IF(E8="KTG","KTG",(VLOOKUP(J8,'list of outsource'!B:H,2,0))) -> #N/A | L8: D000017 | N8: P000037 | P8: ET36 SWN090-40PVV000, 6.0-400m Black | S8: 2 | V8: 44136
A9: =IF(V9="",(TODAY()-C9),(V9-C9)) -> 42114 | B9: PP00001-3 | C9: 2022 | D9: Program died | E9: VEN025 | G9: Gentherm | H9: Mexico | I9: 12000051A | J9: ET36 | K9: =IF(E9="KTG","KTG",(VLOOKUP(J9,'list of outsource'!B:H,2,0))) -> #N/A | L9: D000017 | N9: P000037 | P9: ET36 SWN090-40PVV000, 6.0-400m Black | S9: 2 | V9: 44136
A10: =IF(V10="",(TODAY()-C10),(V10-C10)) -> 42115 | B10: PP00001-4 | C10: 2021 | D10: Program died | E10: VEN025 | G10: Gentherm | H10: Mexico | I10: 18052002A | J10: ET36 | K10: =IF(E10="KTG","KTG",(VLOOKUP(J10,'list of outsource'!B:H,2,0))) -> #N/A | L10: D000017 | N10: P000038 | P10: ET36 SWN090-40PVV000, 6.1-500m Black | S10: 2 | V10: 44136
A11: =IF(V11="",(TODAY()-C11),(V11-C11)) -> 42114 | B11: PP00001-4 | C11: 2022 | D11: Program died | E11: VEN025 | G11: Gentherm | H11: Mexico | I11: 18052002A | J11: ET36 | K11: =IF(E11="KTG","KTG",(VLOOKUP(J11,'list of outsource'!B:H,2,0))) -> #N/A | L11: D000017 | N11: P000038 | P11: ET36 SWN090-40PVV000, 6.1-500m Black | S11: 2 | V11: 44136
A12: =IF(V12="",(TODAY()-C12),(V12-C12)) -> 42115 | B12: PP00001-5 | C12: 2021 | D12: Program died | E12: VEN025 | G12: Gentherm | H12: Mexico | I12: 12002514A | J12: ET36 | K12: =IF(E12="KTG","KTG",(VLOOKUP(J12,'list of outsource'!B:H,2,0))) -> #N/A | L12: D000017 | N12: P000040 | P12: ET36 SWN090-40PVV000,7.0-340m Black | S12: 2 | V12: 44136
A13: =IF(V13="",(TODAY()-C13),(V13-C13)) -> 42114 | B13: PP00001-5 | C13: 2022 | D13: Program died | E13: VEN025 | G13: Gentherm | H13: Mexico | I13: 12002514A | J13: ET36 | K13: =IF(E13="KTG","KTG",(VLOOKUP(J13,'list of outsource'!B:H,2,0))) -> #N/A | L13: D000017 | N13: P000040 | P13: ET36 SWN090-40PVV000,7.0-340m Black | S13: 2 | V13: 44136
A14: =IF(V14="",(TODAY()-C14),(V14-C14)) -> 42115 | B14: PP00001-6 | C14: 2021 | D14: Program died | E14: VEN025 | G14: Gentherm | H14: Mexico | I14: 18052065A | J14: ET36 | K14: =IF(E14="KTG","KTG",(VLOOKUP(J14,'list of outsource'!B:H,2,0))) -> #N/A | L14: D000017 | N14: P000039 | P14: ET36 SWN090-40PVV000,7.1-350m Black | S14: 2 | V14: 44136
A15: =IF(V15="",(TODAY()-C15),(V15-C15)) -> 42114 | B15: PP00001-6 | C15: 2022 | D15: Program died | E15: VEN025 | G15: Gentherm | H15: Mexico | I15: 18052065A | J15: ET36 | K15: =IF(E15="KTG","KTG",(VLOOKUP(J15,'list of outsource'!B:H,2,0))) -> #N/A | L15: D000017 | N15: P000039 | P15: ET36 SWN090-40PVV000,7.1-350m Black | S15: 2 | V15: 44136
... A17: =IF(V17="",(TODAY()-C17),(V17-C17)) -> 42114 | B17: PP00001-7 | C17: 2022 | D17: Program died | E17: VEN025 | G17: Gentherm | H17: Mexico | I17: 12001469A | J17: ET36 | K17: =IF(E17="KTG","KTG",(VLOOKUP(J17,'list of outsource'!B:H,2,0))) -> #N/A | L17: D000017 | N17: P000041 | P17: ET36 SWN090-40PVV000, 10.0-150m Black | S17: 2 | V17: 44136
A18: =IF(V18="",(TODAY()-C18),(V18-C18)) -> 102 | B18: PP00029-01 | C18: 44879 | D18: PSW Pending Approve | E18: VEN329 | F18: 5123 | G18: Angstrom | H18: Mexico | I18: ET25-18.3/4.5-BLK-40mm | J18: ET25 | K18: =IF(E18="KTG","KTG",(VLOOKUP(J18,'list of outsource'!B:H,2,0))) -> ETC | L18: D000060 | N18: P000252 | O18: CUS696 | P18: ET25-18.3/4.5-BLK-40mm | Q18: 1198485921 | S18: 2 | U18: Initial Submission | V18: 44981
A19: =IF(V19="",(TODAY()-C19),(V19-C19)) -> 102 | B19: PP00029-03 | C19: 44879 | D19: PSW Pending Approve | E19: VEN329 | F19: 5124 | G19: Angstrom | H19: Mexico | I19: ET25-18.3/4.5-BLK-65mm | J19: ET25 | K19: =IF(E19="KTG","KTG",(VLOOKUP(J19,'list of outsource'!B:H,2,0))) -> ETC | L19: D000060 | N19: P000254 | O19: CUS696 | P19: ET25-18.3/4.5-BLK-65mm | Q19: 1199854155 | S19: 2 | U19: Initial Submission | V19: 44981
A20: =IF(V20="",(TODAY()-C20),(V20-C20)) -> 102 | B20: PP00029-04 | C20: 44879 | D20: PSW Pending Approve | E20: VEN329 | F20: 5125 | G20: Angstrom | H20: Mexico | I20: ET25-18.3/4.5-BLK-50mm | J20: ET25 | K20: =IF(E20="KTG","KTG",(VLOOKUP(J20,'list of outsource'!B:H,2,0))) -> ETC | L20: D000060 | N20: P000253 | O20: CUS696 | P20: ET25-18.3/4.5-BLK-50mm | Q20: 1199292910 | S20: 2 | U20: Initial Submission | V20: 44981
A21: =IF(V21="",(TODAY()-C21),(V21-C21)) -> 102 | B21: PP00029-06 | C21: 44879 | D21: PSW Pending Approve | E21: VEN329 | F21: 5126 | G21: Angstrom | H21: Mexico | I21: ET25-24.0/6.0-BLK-60mm | J21: ET25 | K21: =IF(E21="KTG","KTG",(VLOOKUP(J21,'list of outsource'!B:H,2,0))) -> ETC | L21: D000060 | N21: P000277 | O21: CUS696 | P21: ET25-24.0/6.0-BLK-60mm | Q21: 1196335819 | S21: 2 | U21: Initial Submission | V21: 44981
A22: =IF(V22="",(TODAY()-C22),(V22-C22)) -> 41976 | B22: PP00003-1 | C22: 2021 | D22: Approved 2020 | E22: VEN025 | F22: 104 | G22: Nexans | H22: Mexico | I22: 95850329 | J22: RO | K22: =IF(E22="KTG","KTG",(VLOOKUP(J22,'list of outsource'!B:H,2,0))) -> #N/A | L22: RO 001 | N22: E101702 | P22: CYG-DWT-RO(4005)-5.75-BK-75 | S22: 4 | U22: Initial Submission | V22: 43997 | W22: 44067
A23: =IF(V23="",(TODAY()-C23),(V23-C23)) -> 41975 | B23: PP00003-1 | C23: 2022 | D23: Approved 2020 | E23: VEN025 | F23: 104 | G23: Nexans | H23: Mexico | I23: 95850329 | J23: RO | K23: =IF(E23="KTG","KTG",(VLOOKUP(J23,'list of outsource'!B:H,2,0))) -> #N/A | L23: RO 001 | P23: CYG-DWT-RO(4005)-5.75-BK-75 | S23: 4 | U23: Initial Submission | V23: 43997 | W23: 44067
A24: =IF(V24="",(TODAY()-C24),(V24-C24)) -> 41976 | B24: PP00003-2 | C24: 2021 | D24: Approved 2020 | E24: VEN025 | F24: 107 | G24: Nexans | H24: Mexico | I24: 95850330 | J24: RO | K24: =IF(E24="KTG","KTG",(VLOOKUP(J24,'list of outsource'!B:H,2,0))) -> #N/A | L24: RO 001 | N24: E101705 | P24: CYG-DWT-RO(4005)-7.4-BK-75 | S24: 4 | U24: Initial Submission | V24: 43997 | W24: 44067
A25: =IF(V25="",(TODAY()-C25),(V25-C25)) -> 41975 | B25: PP00003-2 | C25: 2022 | D25: Approved 2020 | E25: VEN025 | F25: 107 | G25: Nexans | H25: Mexico | I25: 95850330 | J25: RO | K25: =IF(E25="KTG","KTG",(VLOOKUP(J25,'list of outsource'!B:H,2,0))) -> #N/A | L25: RO 001 | P25: CYG-DWT-RO(4005)-7.4-BK-75 | S25: 4 | U25: Initial Submission | V25: 43997 | W25: 44067
A26: =IF(V26="",(TODAY()-C26),(V26-C26)) -> 41976 | B26: PP00003-3 | C26: 2021 | D26: Approved 2020 | E26: VEN025 | F26: 108 | G26: Nexans | H26: Mexico | I26: 95850331 | J26: RO | K26: =IF(E26="KTG","KTG",(VLOOKUP(J26,'list of outsource'!B:H,2,0))) -> #N/A | L26: RO 001 | N26: E101706 | P26: CYG-DWT-RO(4005)-11.0-BK-75 | S26: 4 | U26: Initial Submission | V26: 43997 | W26: 44067
A27: =IF(V27="",(TODAY()-C27),(V27-C27)) -> 41975 | B27: PP00003-3 | C27: 2022 | D27: Approved 2020 | E27: VEN025 | F27: 108 | G27: Nexans | H27: Mexico | I27: 95850331 | J27: RO | K27: =IF(E27="KTG","KTG",(VLOOKUP(J27,'list of outsource'!B:H,2,0))) -> #N/A | L27: RO 001 | P27: CYG-DWT-RO(4005)-11.0-BK-75 | S27: 4 | U27: Initial Submission | V27: 43997 | W27: 44067
A28: =IF(V28="",(TODAY()-C28),(V28-C28)) -> 41976 | B28: PP00003-4 | C28: 2021 | D28: Approved 2020 | E28: VEN025 | F28: 105 | G28: Nexans | H28: Mexico | I28: 95850332 | J28: RO | K28: =IF(E28="KTG","KTG",(VLOOKUP(J28,'list of outsource'!B:H,2,0))) -> #N/A | L28: RO 001 | N28: E101703 | P28: CYG-DWT-RO(4005)-18.3-BK-75 | S28: 4 | U28: Initial Submission | V28: 43997 | W28: 44067
A29: =IF(V29="",(TODAY()-C29),(V29-C29)) -> 41975 | B29: PP00003-4 | C29: 2022 | D29: Approved 2020 | E29: VEN025 | F29: 105 | G29: Nexans | H29: Mexico | I29: 95850332 | J29: RO | K29: =IF(E29="KTG","KTG",(VLOOKUP(J29,'list of outsource'!B:H,2,0))) -> #N/A | L29: RO 001 | P29: CYG-DWT-RO(4005)-18.3-BK-75 | S29: 4 | U29: Initial Submission | V29: 43997 | W29: 44067
A30: =IF(V30="",(TODAY()-C30),(V30-C30)) -> 41976 | B30: PP00003-5 | C30: 2021 | D30: Approved 2020 | E30: VEN025 | F30: 103 | G30: Nexans | H30: Mexico | I30: 95850007 | J30: RO | K30: =IF(E30="KTG","KTG",(VLOOKUP(J30,'list of outsource'!B:H,2,0))) -> #N/A | L30: RO 001 | N30: E101701 | P30: CYG-DWT-RO(4005)-18.3-BK-150 | S30: 4 | U30: Initial Submission | V30: 43997 | W30: 44067
A31: =IF(V31="",(TODAY()-C31),(V31-C31)) -> 41975 | B31: PP00003-5 | C31: 2022 | D31: Approved 2020 | E31: VEN025 | F31: 103 | G31: Nexans | H31: Mexico | I31: 95850007 | J31: RO | K31: =IF(E31="KTG","KTG",(VLOOKUP(J31,'list of outsource'!B:H,2,0))) -> #N/A | L31: RO 001 | P31: CYG-DWT-RO(4005)-18.3-BK-150 | S31: 4 | U31: Initial Submission | V31: 43997 | W31: 44067
A32: =IF(V32="",(TODAY()-C32),(V32-C32)) -> 102 | B32: PP00029-07 | C32: 44879 | D32: PSW Pending Approve | E32: VEN329 | F32: 5127 | G32: Angstrom | H32: Mexico | I32: ET25-7.4/1.7-BLK-50mm | J32: ET25 | K32: =IF(E32="KTG","KTG",(VLOOKUP(J32,'list of outsource'!B:H,2,0))) -> ETC | L32: D000060 | N32: P000293 | O32: CUS696 | P32: ET25-7.4/1.7-BLK-50mm | Q32: 1199295023 | S32: 2 | U32: Initial Submission | V32: 44981
A33: =IF(V33="",(TODAY()-C33),(V33-C33)) -> 102 | B33: PP00029-08 | C33: 44879 | D33: PSW Pending Approve | E33: VEN329 | F33: 5128 | G33: Angstrom | H33: Mexico | I33: ET87-17.8/4.4-BLK-50mm | J33: ET87 | K33: =IF(E33="KTG","KTG",(VLOOKUP(J33,'list of outsource'!B:H,2,0))) -> ETC | L33: D000073 | N33: P000235 | O33: CUS696 | P33: ET87-17.8/4.4-BLK-50mm | Q33: 1199871420 | S33: 2 | U33: Initial Submission | V33: 44981
A34: =IF(V34="",(TODAY()-C34),(V34-C34)) -> 102 | B34: PP00029-09 | C34: 44879 | D34: PSW Pending Approve | E34: VEN329 | F34: 5129 | G34: Angstrom | H34: Mexico | I34: ET25-5.7/1.3-BLK-50mm | J34: ET25 | K34: =IF(E34="KTG","KTG",(VLOOKUP(J34,'list of outsource'!B:H,2,0))) -> ETC | L34: D000060 | N34: P000204 | O34: CUS696 | P34: ET25-5.7/1.3-50mm-BLK | Q34: 1196335595 | S34: 2 | U34: Initial Submission | V34: 44981
A35: =IF(V35="",(TODAY()-C35),(V35-C35)) -> 102 | B35: PP00029-10 | C35: 44879 | D35: PSW Pending Approve | E35: VEN329 | F35: 5130 | G35: Angstrom | H35: Mexico | I35: ET87-17.8/4.4-BLK-40mm | J35: ET87 | K35: =IF(E35="KTG","KTG",(VLOOKUP(J35,'list of outsource'!B:H,2,0))) -> ETC | L35: D000073 | N35: P000382 | O35: CUS696 | P35: ET87-17.8/4.4-BLK-40mm | Q35: 1199874872 | S35: 2 | U35: Initial Submission | V35: 44981
A36: =IF(V36="",(TODAY()-C36),(V36-C36)) -> 34 | B36: PP00029-12 | C36: 44995 | D36: Approved 2023 | E36: VEN329 | F36: 5131 | G36: Angstrom | H36: Mexico | I36: ET25-18.3/4.5-BLK-145MM | J36: ET25 | K36: =IF(E36="KTG","KTG",(VLOOKUP(J36,'list of outsource'!B:H,2,0))) -> ETC | L36: D000060 | N36: P000325 | O36: CUS696 | P36: ET25-18.3/4.5-BLK-145MM | Q36: 1212621816 | S36: 4 | U36: Initial Submission | V36: 13-Apr-23 | W36: 18-Apr-23
A37: =IF(V37="",(TODAY()-C37),(V37-C37)) -> 34 | B37: PP00029-13 | C37: 44995 | D37: Approved 2023 | E37: VEN329 | F37: 5132 | G37: Angstrom | H37: Mexico | I37: ET25-18.3/4.5-BLK-180MM | J37: ET25 | K37: =IF(E37="KTG","KTG",(VLOOKUP(J37,'list of outsource'!B:H,2,0))) -> ETC | L37: D000060 | N37: P000326 | O37: CUS696 | P37: ET25-18.3/4.5-BLK-180MM | Q37: 1212622204 | S37: 4 | U37: Initial Submission | V37: 13-Apr-23 | W37: 18-Apr-23
A38: =IF(V38="",(TODAY()-C38),(V38-C38)) -> 34 | B38: PP00029-14 | C38: 44995 | D38: Approved 2023 | E38: VEN329 | F38: 5133 | G38: Angstrom | H38: Mexico | I38: ET25-18.3/4.5-BLK-245MM | J38: ET25 | K38: =IF(E38="KTG","KTG",(VLOOKUP(J38,'list of outsource'!B:H,2,0))) -> ETC | L38: D000060 | N38: P000327 | O38: CUS696 | P38: ET25-18.3/4.5-BLK-245MM | Q38: 1212622233 | S38: 4 | U38: Initial Submission | V38: 13-Apr-23 | W38: 18-Apr-23
A39: =IF(V39="",(TODAY()-C39),(V39-C39)) -> 36 | B39: PP00029-16 | C39: 45538 | D39: PSW Pending Approve | E39: VEN329 | F39: 5134 | G39: Angstrom | H39: Mexico | I39: ET25-18.3/4.5-BLK-110mm | J39: ET25 | K39: =IF(E39="KTG","KTG",(VLOOKUP(J39,'list of outsource'!B:H,2,0))) -> ETC | L39: D000060 | M39: 63 | N39: P000693 | O39: CUS696 | P39: ET25-18.3/4.5-BLK-110mm | Q39: 1358903619 / 1 | R39: 45544 | S39: 4 | T39: requested | U39: Initial Submission | V39: 45574 | Z39: #N/A
A40: =IF(V40="",(TODAY()-C40),(V40-C40)) -> 0 | B40: PP00029-17 | C40: 45790 | D40: Approved 2023 | E40: VEN025 | F40: 5135 | G40: Angstrom | H40: Mexico | I40: DWT(VTS) #4-40mm | K40: =IF(E40="KTG","KTG",(VLOOKUP(J40,'list of outsource'!B:H,2,0))) -> #N/A | N40: E69612 | O40: CUS696 | P40: CYG-DWT(VTS), 4:1 SHRINK RATIO, 17.8 ID BLK 40MM | S40: 4 | T40: n/a | U40: Initial Submission | V40: 45790 | W40: 45217 | X40: ** | Z40: #N/A
A41: =IF(V41="",(TODAY()-C41),(V41-C41)) -> 22 | B41: PP00029-18 | C41: 45852 | D41: PPAP received, pending to review files | E41: VEN025 | F41: 5136 | G41: Angstrom | H41: Mexico | I41: DWT(RO) #4-40mm | K41: =IF(E41="KTG","KTG",(VLOOKUP(J41,'list of outsource'!B:H,2,0))) -> #N/A | N41: E69601 | O41: CUS696 | P41: DWT(RO) 4:1 SHRINK RATIO, 17.80 ID, BK, 40mm LENGTH | S41: 4 | T41: n/a | U41: Annual validation | V41: 45874 | X41: ** | Z41: #N/A
A42: =IF(V42="",(TODAY()-C42),(V42-C42)) -> 41 | B42: PP00042-0001 | C42: 45097 | D42: Approved 2023 | E42: VEN329 | F42: 5137 | G42: Aptiv | H42: Mexico | I42: 35758280 | J42: ET86 | K42: =IF(E42="KTG","KTG",(VLOOKUP(J42,'list of outsource'!B:H,2,0))) -> ETC | L42: D000064 | M42: 4 | N42: P000554 | O42: CUS1098 | P42: ET86-9.0/2.3-BLK-30MM | Q42: 1242955812 | R42: ok | S42: 2 | U42: Initial Submission | V42: 45138 | W42: 45268
A43: =IF(V43="",(TODAY()-C43),(V43-C43)) -> 8 | B43: PP00042-0001 | C43: 45600 | D43: Approved 2024 | E43: VEN329 | F43: 5137 | G43: Aptiv | H43: Mexico | I43: 35758280 | J43: ET86 | K43: =IF(E43="KTG","KTG",(VLOOKUP(J43,'list of outsource'!B:H,2,0))) -> ETC | L43: D000064 | M43: 10 | N43: P000554 | O43: CUS1098 | P43: ET86-9.0/2.3-BLK-30MM | Q43: 1242955812 / 1 | R43: ok | S43: 2 | T43: n/a | U43: Annual Validation | V43: 45608 | W43: 45615 | Z43: #N/A
A44: =IF(V44="",(TODAY()-C44),(V44-C44)) -> 36 | B44: PP00042-0003 | C44: 45295 | D44: Approved 2024 | E44: VEN329 | F44: 5138 | G44: Aptiv | H44: Mexico | I44: 35738191 | J44: ET86 | K44: =IF(E44="KTG","KTG",(VLOOKUP(J44,'list of outsource'!B:H,2,0))) -> ETC | L44: D000064 | M44: 06 | N44: P000158 | O44: CUS1098 | P44: ET86-5.0/1.3-BLK-65MM | Q44: 1250962102 | R44: ok | S44: 4 | T44: approved | U44: Initial Submission | V44: 45331 | W44: 45440 | Z44: #N/A
A45: =IF(V45="",(TODAY()-C45),(V45-C45)) -> 42529 | B45: PP00011-1 | C45: 2021 | D45: PSW Pending Approve | E45: VEN025 | F45: 105 | G45: Nexans | H45: Mexico | I45: 95850332 | J45: RO | K45: =IF(E45="KTG","KTG",(VLOOKUP(J45,'list of outsource'!B:H,2,0))) -> #N/A | L45: RO 001 | N45: E101703 | P45: CYG-DWT-RO(4005)-18.3-BK-75 | S45: 1 | U45: Tooling | V45: 44550
A46: =IF(V46="",(TODAY()-C46),(V46-C46)) -> 42528 | B46: PP00011-1 | C46: 2022 | D46: PSW Pending Approve | E46: VEN025 | F46: 105 | G46: Nexans | H46: Mexico | I46: 95850332 | J46: RO | K46: =IF(E46="KTG","KTG",(VLOOKUP(J46,'list of outsource'!B:H,2,0))) -> #N/A | L46: RO 001 | P46: CYG-DWT-RO(4005)-18.3-BK-75 | S46: 1 | U46: Tooling | V46: 44550
A47: =IF(V47="",(TODAY()-C47),(V47-C47)) -> 42529 | B47: PP00011-2 | C47: 2021 | D47: PSW Pending Approve | E47: VEN025 | F47: 103 | G47: Nexans | H47: Mexico | I47: 95850007 | J47: RO | K47: =IF(E47="KTG","KTG",(VLOOKUP(J47,'list of outsource'!B:H,2,0))) -> #N/A | L47: RO 001 | N47: E101701 | P47: CYG-DWT-RO(4005)-18.3-BK-150 | S47: 1 | U47: Tooling | V47: 44550
A48: =IF(V48="",(TODAY()-C48),(V48-C48)) -> 42528 | B48: PP00011-2 | C48: 2022 | D48: PSW Pending Approve | E48: VEN025 | F48: 103 | G48: Nexans | H48: Mexico | I48: 95850007 | J48: RO | K48: =IF(E48="KTG","KTG",(VLOOKUP(J48,'list of outsource'!B:H,2,0))) -> #N/A | L48: RO 001 | P48: CYG-DWT-RO(4005)-18.3-BK-150 | S48: 1 | U48: Tooling | V48: 44550
A49: =IF(V49="",(TODAY()-C49),(V49-C49)) -> 21 | B49: PP00012-0003 | C49: 45951 | D49: PSW Pending Approve | E49: VEN238 | F49: 4046 | G49: CEMM | H49: Mexico | I49: GAT023 | J49: ET22 | K49: =IF(E49="KTG","KTG",(VLOOKUP(J49,'list of outsource'!B:H,2,0))) -> UPM | L49: D000030 | M49: 47 | N49: P000117 | P49: ET22-5.7/1.3-BLK-35MM | Q49: 1076160554 / 2 | R49: 45968 | S49: 4 | T49: n/a | U49: Annual validation | V49: 45972
A50: =IF(V50="",(TODAY()-C50),(V50-C50)) -> 5983 | B50: PP00012-01 | C50: 38546 | D50: PSW Pending Approve | E50: VEN238 | F50: 4045 | G50: CEMM | H50: Mexico | I50: GAT125 | J50: ET22 | K50: =IF(E50="KTG","KTG",(VLOOKUP(J50,'list of outsource'!B:H,2,0))) -> UPM | L50: D000030 | N50: P000109 | P50: ET22 DWS125-40PXYEVH, 7.5/1.7-35mm BLK | S50: 2 | U50: Initial Submission | V50: 44529
A51: =IF(V51="",(TODAY()-C51),(V51-C51)) -> 5983 | B51: PP00012-01 | C51: 38546 | D51: PSW Pending Approve | E51: VEN238 | F51: 4045 | G51: CEMM | H51: Mexico | I51: GAT125 | J51: ET22 | K51: =IF(E51="KTG","KTG",(VLOOKUP(J51,'list of outsource'!B:H,2,0))) -> UPM | L51: D000030 | N51: P000109 | P51: ET22 DWS125-40PXYEVH, 7.5/1.7-35mm BLK | S51: 2 | U51: Initial Submission | V51: 44529
A52: =IF(V52="",(TODAY()-C52),(V52-C52)) -> 61 | B52: PP00012-01 | C52: 45190 | D52: PSW Pending Approve | E52: VEN238 | F52: 4045 | G52: CEMM | H52: Mexico | I52: GAT125 | J52: ET22 | K52: =IF(E52="KTG","KTG",(VLOOKUP(J52,'list of outsource'!B:H,2,0))) -> UPM | L52: D000030 | M52: 34 | N52: P000109 | P52: ET22-7.5/1.7-Blk-35mm | Q52: 1076153443 / 2 | S52: 4 | U52: Annual Validation | V52: 45251 | Z52: #N/A
A53: =IF(V53="",(TODAY()-C53),(V53-C53)) -> 27 | B53: PP00012-01 | C53: 45541 | D53: PSW Pending Approve | E53: VEN238 | F53: 4045 | G53: CEMM | H53: Mexico | I53: GAT125 | J53: ET22 | K53: =IF(E53="KTG","KTG",(VLOOKUP(J53,'list of outsource'!B:H,2,0))) -> UPM | L53: D000030 | M53: 45 | N53: P000109 | P53: ET22-7.5/1.7-Blk-35mm | Q53: 1076153443 / 2 | R53: 45544 | S53: 2 | T53: n/a | U53: Annual Validation | V53: 45568 | Z53: #N/A
A54: =IF(V54="",(TODAY()-C54),(V54-C54)) -> 20 | B54: PP00012-01 | C54: 45910 | D54: PSW Pending Approve | E54: VEN238 | F54: 4045 | G54: CEMM | H54: Mexico | I54: GAT125 | J54: ET22 | K54: =IF(E54="KTG","KTG",(VLOOKUP(J54,'list of outsource'!B:H,2,0))) -> UPM | L54: D000030 | M54: 46 | N54: P000109 | P54: ET22-7.5/1.7-Blk-35mm | Q54: 1076153443 / 2 | R54: 45912 | S54: 2 | T54: n/a | U54: Annual Validation | V54: 45930
A55: =IF(V55="",(TODAY()-C55),(V55-C55)) -> 5983 | B55: PP00012-02 | C55: 38546 | D55: PSW Pending Approve | E55: VEN238 | G55: CEMM | H55: Mexico | I55: GAT101 | J55: ET22 | K55: =IF(E55="KTG","KTG",(VLOOKUP(J55,'list of outsource'!B:H,2,0))) -> UPM | L55: D000030 | N55: P000116 | P55: ET22 DWS125-40PXYEVH, 5.7/1.3-20mm BLK | S55: 2 | U55: Initial Submission | V55: 44529
A56: =IF(V56="",(TODAY()-C56),(V56-C56)) -> 5983 | B56: PP00012-02 | C56: 38546 | D56: PSW Pending Approve | E56: VEN238 | G56: CEMM | H56: Mexico | I56: GAT101 | J56: ET22 | K56: =IF(E56="KTG","KTG",(VLOOKUP(J56,'list of outsource'!B:H,2,0))) -> UPM | L56: D000030 | N56: P000116 | P56: ET22 DWS125-40PXYEVH, 5.7/1.3-20mm BLK | S56: 2 | U56: Initial Submission | V56: 44529
A57: =IF(V57="",(TODAY()-C57),(V57-C57)) -> 5983 | B57: PP00012-03 | C57: 38546 | D57: PSW Pending Approve | E57: VEN238 | F57: 4046 | G57: CEMM | H57: Mexico | I57: GAT023 | J57: ET22 | K57: =IF(E57="KTG","KTG",(VLOOKUP(J57,'list of outsource'!B:H,2,0))) -> UPM | L57: D000030 | N57: P000117 | P57: ET22 DWS125-40PXYEVH, 5.7/1.3-35mm BLK | S57: 2 | U57: Initial Submission | V57: 44529
A58: =IF(V58="",(TODAY()-C58),(V58-C58)) -> 5983 | B58: PP00012-03 | C58: 38546 | D58: PSW Pending Approve | E58: VEN238 | F58: 4046 | G58: CEMM | H58: Mexico | I58: GAT023 | J58: ET22 | K58: =IF(E58="KTG","KTG",(VLOOKUP(J58,'list of outsource'!B:H,2,0))) -> UPM | L58: D000030 | N58: P000117 | P58: ET22 DWS125-40PXYEVH, 5.7/1.3-35mm BLK | S58: 2 | U58: Initial Submission | V58: 44529
A59: =IF(V59="",(TODAY()-C59),(V59-C59)) -> 34 | B59: PP00012-03 | C59: 45035 | D59: PSW Pending Approve | E59: VEN238 | F59: 4046 | G59: CEMM | H59: Mexico | I59: GAT023 | J59: ET22 | K59: =IF(E59="KTG","KTG",(VLOOKUP(J59,'list of outsource'!B:H,2,0))) -> UPM | L59: D000030 | N59: P000117 | P59: ET22-5.7/1.3-BLK-35MM | Q59: 1076160554/2 | S59: 2 | U59: Annual Validation | V59: 45069
A60: =IF(V60="",(TODAY()-C60),(V60-C60)) -> 32 | B60: PP00012-03 | C60: 45576 | D60: PSW Pending Approve | E60: VEN238 | F60: 4046 | G60: CEMM | H60: Mexico | I60: GAT023 | J60: ET22 | K60: =IF(E60="KTG","KTG",(VLOOKUP(J60,'list of outsource'!B:H,2,0))) -> UPM | L60: D000030 | M60: 45 | N60: P000117 | P60: ET22-5.7/1.3-BLK-35MM | Q60: 1076160554 / 2 | S60: 4 | T60: n/a | U60: Annual Validation | V60: 45608 | Z60: #N/A
A61: =IF(V61="",(TODAY()-C61),(V61-C61)) -> 57 | B61: PP00012-04 | C61: 45873 | D61: PSW Pending Approve | E61: VEN238 | F61: 4048 | G61: CEMM | H61: Mexico | I61: GAT132 | J61: ET00 | K61: =IF(E61="KTG","KTG",(VLOOKUP(J61,'list of outsource'!B:H,2,0))) -> Woer | L61: D000002 | M61: 56 | N61: P001117 | P61: ET00-4.8/2.4-BK-35mm - no print | Q61: 1443833660 / 1 | R61: 45912 | S61: 4 | T61: Requested | U61: Initial Submission | V61: 45930 | X61: **
A62: =IF(V62="",(TODAY()-C62),(V62-C62)) -> 36 | B62: PP00012-05 | C62: 45873 | D62: PSW Pending Approve | E62: VEN329 | F62: 4047 | G62: CEMM | H62: Mexico | I62: GAT130 | J62: ET05 | K62: =IF(E62="KTG","KTG",(VLOOKUP(J62,'list of outsource'!B:H,2,0))) -> ETC | L62: D000049 | M62: 18 | N62: P001107 | P62: ET05-7.5/2.5-BK-35mm - no print | Q62: 1442324656 / 1 | S62: 4** | T62: Requested | U62: Initial Submission | V62: 45909 | X62: ** | Y62: Requested by customer
A63: =IF(V63="",(TODAY()-C63),(V63-C63)) -> 42684 | B63: PP00013-1 | C63: 2022 | D63: Approved 2022 | E63: VEN038 | F63: 71 | G63: Angstrom | H63: Mexico | I63: ET008-50 | J63: BluSeal | K63: =IF(E63="KTG","KTG",(VLOOKUP(J63,'list of outsource'!B:H,2,0))) -> #N/A | L63: D000069 | N63: ET008-50 | P63: BluSeal | S63: 2 | U63: Initial Submission | V63: 44706 | W63: 44830
A64: =IF(V64="",(TODAY()-C64),(V64-C64)) -> 36 | B64: PP00042-0012 | C64: 45295 | D64: Approved 2024 | E64: VEN329 | F64: 5139 | G64: Aptiv | H64: Mexico | I64: 35738187 | J64: ET25 | K64: =IF(E64="KTG","KTG",(VLOOKUP(J64,'list of outsource'!B:H,2,0))) -> ETC | L64: D000060 | M64: 06 | N64: P000338 | O64: CUS1098 | P64: ET25-7.4/1.7R-BLK-65mm | Q64: 1289729958 | R64: ok | S64: 4 | T64: approved | U64: Initial Submission | V64: 45331 | W64: 45440 | Z64: #N/A
A65: =IF(V65="",(TODAY()-C65),(V65-C65)) -> 28 | B65: PP00042-0013 | C65: 45912 | D65: Approved 2025 | E65: VEN329 | F65: 5140 | G65: Aptiv | H65: Mexico | I65: 35738193 | J65: ET86 | K65: =IF(E65="KTG","KTG",(VLOOKUP(J65,'list of outsource'!B:H,2,0))) -> ETC | L65: D000064 | M65: 07 | N65: P000362 | O65: CUS1098 | P65: ET86-9.0/2.3-BLK-65mm | Q65: 1289739461 / 2 | R65: 45923 | S65: 4 | T65: approved | U65: Initial Submission | V65: 45940 | W65: 45946
A66: =IF(V66="",(TODAY()-C66),(V66-C66)) -> 46008 | B66: PP00042-0013 | D66: PPAP pending to send to customer | E66: VEN329 | F66: 5140 | G66: Aptiv | H66: Mexico | I66: 35738193 | J66: ET86 | K66: =IF(E66="KTG","KTG",(VLOOKUP(J66,'list of outsource'!B:H,2,0))) -> ETC | L66: D000064 | M66: 06 | N66: P000362 | O66: CUS1098 | P66: ET86-9.0/2.3-BLK-65mm | Q66: 1289739461 | R66: ok | S66: 4 | T66: approved | U66: Initial Submission | Z66: #N/A
A67: =IF(V67="",(TODAY()-C67),(V67-C67)) -> 5 | B67: PP00042-0014 | C67: 45960 | D67: Approved 2025 | E67: VEN329 | F67: 5141 | G67: Aptiv | H67: Mexico | I67: 35738194 | J67: ET86 | K67: =IF(E67="KTG","KTG",(VLOOKUP(J67,'list of outsource'!B:H,2,0))) -> ETC | L67: D000064 | M67: 06 | N67: P000164 | O67: CUS1098 | P67: ET86-11.5/2.5-BLK-65mm | Q67: 1289742545 / 1 | R67: ok | S67: 4 | T67: approved | U67: Initial Submission | V67: 45965 | W67: 45966 | Z67: #N/A
A68: =IF(V68="",(TODAY()-C68),(V68-C68)) -> 36 | B68: PP00042-0015 | C68: 45295 | D68: Approved 2024 | E68: VEN329 | F68: 5142 | G68: Aptiv | H68: Mexico | I68: 35758201 | J68: ET25 | K68: =IF(E68="KTG","KTG",(VLOOKUP(J68,'list of outsource'!B:H,2,0))) -> ETC | L68: D000060 | M68: 06 | N68: P000407 | O68: CUS1098 | P68: ET25-11.0/2.4R-BLK-40mm | Q68: 1289761217 | R68: ok | S68: 4 | T68: approved | U68: Initial Submission | V68: 45331 | W68: 45440 | Z68: #N/A
A69: =IF(V69="",(TODAY()-C69),(V69-C69)) -> 46008 | B69: PP00042-0017 | D69: PPAP pending to send to customer | E69: VEN329 | F69: 5143 | G69: Aptiv | H69: Mexico | I69: 35758211 | J69: ET25 | K69: =IF(E69="KTG","KTG",(VLOOKUP(J69,'list of outsource'!B:H,2,0))) -> ETC | L69: D000060 | M69: 05 | N69: P000359 | O69: CUS1098 | P69: ET25-5.7/1.3R-BLK-15mm | Q69: 1289762327 | R69: ok | S69: 4 | T69: approved | U69: Initial Submission | Z69: #N/A
A70: =IF(V70="",(TODAY()-C70),(V70-C70)) -> 36 | B70: PP00042-0018 | C70: 45295 | D70: Approved 2024 | E70: VEN329 | F70: 5144 | G70: Aptiv | H70: Mexico | I70: 35758221 | J70: ET25 | K70: =IF(E70="KTG","KTG",(VLOOKUP(J70,'list of outsource'!B:H,2,0))) -> ETC | L70: D000060 | M70: 06 | N70: P000420 | O70: CUS1098 | P70: ET25-7.4/1.7R-BLK-40mm | Q70: 1289763405 | R70: ok | S70: 4 | T70: approved | U70: Initial Submission | V70: 45331 | W70: 45400 | Z70: #N/A
A71: =IF(V71="",(TODAY()-C71),(V71-C71)) -> 39 | B71: PP00042-0026 | C71: 45604 | D71: PSW Pending Approve | E71: VEN329 | G71: Aptiv | H71: Mexico | I71: 35758275 | J71: ET86 | K71: =IF(E71="KTG","KTG",(VLOOKUP(J71,'list of outsource'!B:H,2,0))) -> ETC | L71: D000064 | M71: 06 | N71: P000159 | O71: CUS1098 | P71: ET86-7.6/1.7-BLK-27MM | Q71: 1380450387 / 1 | S71: 4 | T71: Requested | U71: Initial Submission | V71: 45643 | Z71: #N/A
A72: =IF(V72="",(TODAY()-C72),(V72-C72)) -> 24 | B72: PP00042-0028 | C72: 45768 | D72: Approved 2025 | E72: VEN329 | G72: Aptiv | H72: Mexico | I72: 35758259 | J72: ET84 | K72: =IF(E72="KTG","KTG",(VLOOKUP(J72,'list of outsource'!B:H,2,0))) -> ETC | L72: D000078 | M72: 2 | N72: P000455 | O72: CUS1098 | P72: ET84-7.4/1.7-CLR-50mm | Q72: 1416660873 / 2 | S72: 4 | T72: approved | U72: Initial Submission | V72: 45792 | W72: 45820 | Z72: 0
A73: =IF(V73="",(TODAY()-C73),(V73-C73)) -> 28 | B73: PP00042-0029 | C73: 45861 | D73: Approved 2025 | E73: VEN329 | G73: Aptiv | H73: Mexico | I73: 35738176 | J73: ET84 | K73: =IF(E73="KTG","KTG",(VLOOKUP(J73,'list of outsource'!B:H,2,0))) -> ETC | L73: D000078 | M73: 2 | N73: P000368 | O73: CUS1098 | P73: ET84-10.8/2.4-BK-50mm | Q73: 1438600864 / 1 | S73: 4 | T73: requested | U73: Initial Submission | V73: 45889 | W73: 45898
A74: =IF(V74="",(TODAY()-C74),(V74-C74)) -> 28 | B74: PP00042-0030 | C74: 45861 | D74: Approved 2025 | E74: VEN329 | G74: Aptiv | H74: Mexico | I74: 35758276 | J74: ET86 | K74: =IF(E74="KTG","KTG",(VLOOKUP(J74,'list of outsource'!B:H,2,0))) -> ETC | L74: D000064 | M74: 6 | N74: P000469 | O74: CUS1098 | P74: ET86-7.6/1.7-BK-43mm | Q74: 1438603490 / 1 | S74: 4 | T74: requested | U74: Initial Submission | V74: 45889 | W74: 45898
A75: =IF(V75="",(TODAY()-C75),(V75-C75)) -> 28 | B75: PP00042-0031 | C75: 45861 | D75: Approved 2025 | E75: VEN329 | G75: Aptiv | H75: Mexico | I75: 35758271 | J75: ET86 | K75: =IF(E75="KTG","KTG",(VLOOKUP(J75,'list of outsource'!B:H,2,0))) -> ETC | L75: D000064 | M75: 6 | N75: P000465 | O75: CUS1098 | P75: ET86-5.0/1.3-BK-27mm | Q75: 1438603884 / 1 | S75: 4 | T75: requested | U75: Initial Submission | V75: 45889 | W75: 45898
A76: =IF(V76="",(TODAY()-C76),(V76-C76)) -> 15 | B76: PP00042-0032 | C76: 45896 | D76: Approved 2025 | E76: VEN329 | G76: Aptiv | H76: Mexico | I76: 35758273 | J76: ET86 | K76: =IF(E76="KTG","KTG",(VLOOKUP(J76,'list of outsource'!B:H,2,0))) -> ETC | L76: D000064 | M76: 6 | N76: P000467 | O76: CUS1098 | P76: ET86-7.6/1.7-BK-101mm | Q76: 1443852771 / 1 | S76: 3 | T76: requested | U76: Initial Submission | V76: 45911 | W76: 45912
A77: =IF(V77="",(TODAY()-C77),(V77-C77)) -> 15 | B77: PP00042-0033 | C77: 45896 | D77: Approved 2025 | E77: VEN238 | G77: Aptiv | H77: Mexico | I77: 35758190 | J77: ET11 | K77: =IF(E77="KTG","KTG",(VLOOKUP(J77,'list of outsource'!B:H,2,0))) -> UPM | L77: D000005 | M77: 1 | N77: P000542 | O77: CUS1098 | P77: ET11-24.0/6.0-BK-45mm | Q77: 1443853357 / 2 | R77: 45903 | S77: 3 | T77: requested | U77: Initial Submission | V77: 45911 | W77: 45919
A78: =IF(V78="",(TODAY()-C78),(V78-C78)) -> 1 | B78: PP00042-0034 | C78: 45909 | D78: Approved 2025 | E78: VEN329 | G78: Aptiv | H78: Mexico | I78: 35758215 | J78: ET25 | K78: =IF(E78="KTG","KTG",(VLOOKUP(J78,'list of outsource'!B:H,2,0))) -> ETC | L78: D000060 | M78: 10 | N78: P000337 | O78: CUS1098 | P78: ET25-5.7/1.3R-BK-50mm | Q78: 1443856561 / 1 | S78: 3 | T78: n/a | U78: Initial Submission | V78: 45910 | W78: 45919
A79: =IF(V79="",(TODAY()-C79),(V79-C79)) -> 25 | B79: PP00042-0035 | C79: 45919 | D79: Approved 2025 | E79: VEN329 | G79: Aptiv | H79: Mexico | I79: 35738192 | J79: ET86 | K79: =IF(E79="KTG","KTG",(VLOOKUP(J79,'list of outsource'!B:H,2,0))) -> ETC | L79: D000064 | M79: 07 | N79: P000162 | O79: CUS1098 | P79: ET86-7.6/1.7-BLK-65MM | Q79: 1449841281 / 1 | R79: 45924 | S79: 3 | T79: requested | U79: Initial Submission | V79: 45944 | W79: 45946
A80: =IF(V80="",(TODAY()-C80),(V80-C80)) -> 26 | B80: PP00042-0036 | C80: 45931 | D80: Approved 2025 | E80: VEN329 | G80: Aptiv | H80: Mexico | I80: 35738188 | J80: ET25 | K80: =IF(E80="KTG","KTG",(VLOOKUP(J80,'list of outsource'!B:H,2,0))) -> ETC | L80: D000060 | M80: 11 | N80: P000354 | O80: CUS1098 | P80: ET25-9.0/2.3R-BLK-65mm | Q80: 1453153779 / 1 | R80: 45951 | S80: 3 | T80: requested | U80: Initial Submission | V80: 45957 | W80: 45966
A81: =IF(V81="",(TODAY()-C81),(V81-C81)) -> 26 | B81: PP00042-0037 | C81: 45931 | D81: Approved 2025 | E81: VEN329 | G81: Aptiv | H81: Mexico | I81: 35758207 | J81: ET25 | K81: =IF(E81="KTG","KTG",(VLOOKUP(J81,'list of outsource'!B:H,2,0))) -> ETC | L81: D000060 | M81: 11 | N81: P000413 | O81: CUS1098 | P81: ET25-18.3/4.5R-BK-42mm | Q81: 1453153974 / 1 | R81: 45951 | S81: 3 | T81: requested | U81: Initial Submission | V81: 45957 | W81: 45966
A82: =IF(V82="",(TODAY()-C82),(V82-C82)) -> 26 | B82: PP00042-0038 | C82: 45931 | D82: Approved 2025 | E82: VEN329 | G82: Aptiv | H82: Mexico | I82: 35758214 | J82: ET25 | K82: =IF(E82="KTG","KTG",(VLOOKUP(J82,'list of outsource'!B:H,2,0))) -> ETC | L82: D000060 | M82: 11 | N82: P000417 | O82: CUS1098 | P82: ET25-5.7/1.3R-BK-40mm | Q82: 1453154017 / 1 | R82: 45951 | S82: 3 | T82: requested | U82: Initial Submission | V82: 45957 | W82: 45966
A83: =IF(V83="",(TODAY()-C83),(V83-C83)) -> 26 | B83: PP00042-0039 | C83: 45931 | D83: Approved 2025 | E83: VEN329 | G83: Aptiv | H83: Mexico | I83: 35758225 | J83: ET25 | K83: =IF(E83="KTG","KTG",(VLOOKUP(J83,'list of outsource'!B:H,2,0))) -> ETC | L83: D000060 | M83: 11 | N83: P000423 | O83: CUS1098 | P83: ET25-9.0/2.3R-BK-40mm | Q83: 1453154141 / 2 | R83: 45951 | S83: 3 | T83: requested | U83: Initial Submission | V83: 45957 | W83: 45966
A84: =IF(V84="",(TODAY()-C84),(V84-C84)) -> 10 | B84: PP00042-0040 | C84: 45979 | D84: Approved 2025 | E84: VEN329 | G84: Aptiv | H84: Mexico | I84: 35758209 | J84: ET25 | K84: =IF(E84="KTG","KTG",(VLOOKUP(J84,'list of outsource'!B:H,2,0))) -> ETC | L84: D000060 | M84: 76 | N84: P000415 | O84: CUS1098 | P84: ET25-18.3/4.5R-BLK-50mm | Q84: 1461539554 / 1 | R84: 45870 | S84: 3 | T84: Requested | U84: Initial Submission | V84: 45989 | W84: 46000
A85: =IF(V85="",(TODAY()-C85),(V85-C85)) -> 10 | B85: PP00042-0041 | C85: 45979 | D85: Approved 2025 | E85: VEN329 | G85: Aptiv | H85: Mexico | I85: 35758237 | J85: ET82 | K85: =IF(E85="KTG","KTG",(VLOOKUP(J85,'list of outsource'!B:H,2,0))) -> ETC | L85: D000068 | M85: 23 | N85: P000435 | O85: CUS1098 | P85: ET82-17.8/4.5-BLK-50mm | Q85: 1461540196 / 1 | R85: 45762 | S85: 3 | T85: Requested | U85: Initial Submission | V85: 45989 | W85: 46000
A86: =IF(V86="",(TODAY()-C86),(V86-C86)) -> 6 | B86: PP00042-0042 | C86: 45993 | D86: PSW Pending Approve | E86: VEN329 | G86: Aptiv | H86: Mexico | I86: 35738190 | J86: ET25 | K86: =IF(E86="KTG","KTG",(VLOOKUP(J86,'list of outsource'!B:H,2,0))) -> ETC | L86: D000060 | M86: 11 | N86: P000355 | O86: CUS1098 | P86: ET25-18.3/4.5R-BK-65mm | Q86: 1462520007 / 1 | R86: 45852 | S86: 3 | T86: Requested | U86: Initial Submission | V86: 45999
A87: =IF(V87="",(TODAY()-C87),(V87-C87)) -> 52 | B87: PP00063-0001 | C87: 45195 | D87: Approved 2023 | E87: VEN329 | G87: Aptiv | H87: Europe | I87: 35758202 | J87: ET25 | K87: =IF(E87="KTG","KTG",(VLOOKUP(J87,'list of outsource'!B:H,2,0))) -> ETC | L87: D000060 | M87: 4 | N87: P000339 | O87: CUS1098 | P87: ET25-11.0/2.4R-BLK-50MM | Q87: 1277026340 / 1 | R87: ok | S87: 4 | U87: Initial Submission | V87: 45247 | W87: 45266 | Z87: #N/A
A88: =IF(V88="",(TODAY()-C88),(V88-C88)) -> 31 | B88: PP00063-0002 | C88: 45551 | D88: Approved 2024 | E88: VEN238 | G88: Aptiv | H88: Europe | I88: 35758196 | J88: ET20 | K88: =IF(E88="KTG","KTG",(VLOOKUP(J88,'list of outsource'!B:H,2,0))) -> UPM | L88: D000018 | M88: 9 | N88: P000388 | O88: CUS1098 | P88: ET20-19.1/6.0-RED-50mm | Q88: 1362695922 / 3 | S88: 4 | T88: requested | U88: Initial Submission | V88: 45582 | W88: 45623 | Z88: #N/A
A89: =IF(V89="",(TODAY()-C89),(V89-C89)) -> 31 | B89: PP00063-0003 | C89: 45551 | D89: Approved 2024 | E89: VEN329 | G89: Aptiv | H89: Europe | I89: 35758212 | J89: ET25 | K89: =IF(E89="KTG","KTG",(VLOOKUP(J89,'list of outsource'!B:H,2,0))) -> ETC | L89: D000060 | M89: 62 | N89: P000361 | O89: CUS1098 | P89: ET25-5.7/1.3R-BLK-27mm | Q89: 1362304260 / 1 | S89: 4 | T89: requested | U89: Initial Submission | V89: 45582 | W89: 45623 | Z89: #N/A
A90: =IF(V90="",(TODAY()-C90),(V90-C90)) -> 30 | B90: PP00031-01 | C90: 44958 | D90: Approved 2023 | E90: VEN238 | G90: AQ Wiring Systems UAB | I90: V60116827 | J90: ET11 | K90: =IF(E90="KTG","KTG",(VLOOKUP(J90,'list of outsource'!B:H,2,0))) -> UPM | L90: D000005 | N90: P000345 | O90: CUS1220 | P90: ET11-24.0/6.0-ORG-SPL | Q90: 1201810614 | S90: 2 | U90: Initial Submission | V90: 44988 | W90: 45093 | Z90: #N/A
A91: =IF(V91="",(TODAY()-C91),(V91-C91)) -> 45 | B91: PP00031-05 | C91: 45188 | D91: Approved 2024 | E91: VEN238 | G91: AQ Wiring Systems UAB | H91: Europe | I91: V20808524 | J91: ET11 | K91: =IF(E91="KTG","KTG",(VLOOKUP(J91,'list of outsource'!B:H,2,0))) -> UPM | L91: D000005 | M91: 23 | N91: P000029 | O91: CUS1220 | P91: ET11-32.0/8.0-BLK-SPL | Q91: 1272776427 / 2 | S91: 4 | U91: Initial Submission | V91: 45233 | W91: 45366 | Z91: #N/A
A92: =IF(V92="",(TODAY()-C92),(V92-C92)) -> 45 | B92: PP00031-07 | C92: 45188 | D92: Approved 2024 | E92: VEN238 | G92: AQ Wiring Systems UAB | H92: Europe | I92: V20784162 | J92: ET11 | K92: =IF(E92="KTG","KTG",(VLOOKUP(J92,'list of outsource'!B:H,2,0))) -> UPM | L92: D000005 | M92: 23 | N92: P100356 | O92: CUS1220 | P92: ET11-48.0/13.0-BLK-SPL | Q92: 1272782894 / 2 | S92: 4 | U92: Initial Submission | V92: 45233 | W92: 45316 | Z92: #N/A
A93: =IF(V93="",(TODAY()-C93),(V93-C93)) -> 26 | B93: PP00045-01 | C93: 45147 | D93: PSW Pending Approve | E93: VEN238 | G93: Autokabel | H93: Mexico | I93: 55592 | J93: ET17 | K93: =IF(E93="KTG","KTG",(VLOOKUP(J93,'list of outsource'!B:H,2,0))) -> UPM | L93: D000027 | N93: P000144 | O93: CUS440 | P93: ET17-27.9/8.4-BLK-50MM | Q93: 1253019517 | S93: 2 | U93: Initial Submission | V93: 45173 | Z93: #N/A
A94: =IF(V94="",(TODAY()-C94),(V94-C94)) -> 26 | B94: PP00045-02 | C94: 45147 | D94: PSW Pending Approve | E94: VEN238 | G94: Autokabel | H94: Mexico | I94: 55593 | J94: ET17 | K94: =IF(E94="KTG","KTG",(VLOOKUP(J94,'list of outsource'!B:H,2,0))) -> UPM | L94: D000027 | N94: P000639 | O94: CUS440 | P94: ET17-27.9/8.4-RED-50MM | Q94: 1253390788 | S94: 2 | U94: Initial Submission | V94: 45173 | Z94: #N/A
A95: =IF(V95="",(TODAY()-C95),(V95-C95)) -> 6 | B95: PP00065-01 | C95: 45561 | D95: IMDS sent to customer | E95: VEN329 | G95: Brose | H95: Germany | I95: G8G1W5-100 | J95: ET98 | K95: =IF(E95="KTG","KTG",(VLOOKUP(J95,'list of outsource'!B:H,2,0))) -> #N/A | L95: D000119 | N95: P001006 | O95: CUS2709 | P95: ET98-34.5/23-36/24-22.5/15-BLK | Q95: 1358902386 / 4 | U95: IMDS requested | V95: 45567 | Z95: #N/A
A96: =IF(V96="",(TODAY()-C96),(V96-C96)) -> 23 | B96: PP00058-0007 | C96: 45985 | D96: PSW Pending Approve | E96: VEN329 | G96: COFAT | H96: Mexico | I96: 713516 | J96: ET25 | K96: =IF(E96="KTG","KTG",(VLOOKUP(J96,'list of outsource'!B:H,2,0))) -> ETC | L96: D000060 | M96: 73 | N96: P000480 | O96: CUS1784 | P96: ET25-5.7/1.3-BLK-1220MM | Q96: 1460077143 / 1 | S96: 1 | T96: n/a | U96: Change of cust.
A97: =IF(V97="",(TODAY()-C97),(V97-C97)) -> 43 | B97: PP00034-17 | C97: 45175 | D97: Approved 2023 | E97: VEN329 | G97: Condumex | H97: Mexico | I97: 35758254 | J97: ET84 | K97: =IF(E97="KTG","KTG",(VLOOKUP(J97,'list of outsource'!B:H,2,0))) -> ETC | L97: D000078 | N97: P000450 | O97: CUS474 | P97: ET84-10.8/2.4-BLK-40MM | Q97: 1265952282 | S97: 4 | U97: Initial Submission | V97: 45218 | W97: 45218 | Z97: #N/A
A98: =IF(V98="",(TODAY()-C98),(V98-C98)) -> 57 | B98: PP00069-0003 | C98: 45951 | D98: PPAP received, pending to review files | E98: VEN238 | G98: Draexlmaier | H98: Mexico | I98: S8100200 | J98: ET10 | K98: =IF(E98="KTG","KTG",(VLOOKUP(J98,'list of outsource'!B:H,2,0))) -> UPM | L98: D000004 | N98: P000956 | O98: CUS1204 | P98: ET10-6.4/2.1-CLR-35mm | R98: 45973 | S98: 3 | T98: Requested | U98: Initial Submission
A99: =IF(V99="",(TODAY()-C99),(V99-C99)) -> 42749 | B99: PP00014-01 | C99: 2022 | D99: Approved 2022 | E99: VEN329 | G99: ECI | H99: Mexico | I99: HST555P78 | J99: ET72 | K99: =IF(E99="KTG","KTG",(VLOOKUP(J99,'list of outsource'!B:H,2,0))) -> Kebao | L99: D000066 | N99: P000115 | O99: CUS491 | P99: ET72-9.5/4.8-38MM-BLK | S99: 2 | U99: Initial Submission | V99: 44771 | W99: 44778
A100: =IF(V100="",(TODAY()-C100),(V100-C100)) -> 50 | B100: PP00036-01 | C100: 44978 | D100: Approved 2023 | E100: VEN238 | G100: ECI | H100: Mexico | I100: HSTP2476 | J100: ET00 | K100: =IF(E100="KTG","KTG",(VLOOKUP(J100,'list of outsource'!B:H,2,0))) -> Woer | L100: D000002 | N100: P000493 | O100: CUS491 | P100: ET00-12.7/6.4-BLK-32MM | Q100: 1212251748 | S100: 2 | U100: Initial Submission | V100: 12-Apr-23 | W100: 45061
A101: =IF(V101="",(TODAY()-C101),(V101-C101)) -> 54 | B101: PP00036-02 | C101: 45015 | D101: Approved 2023 | E101: VEN238 | G101: ECI | H101: Mexico | I101: HSTP2518 | J101: ET22 | K101: =IF(E101="KTG","KTG",(VLOOKUP(J101,'list of outsource'!B:H,2,0))) -> UPM | L101: D000030 | N101: P000304 | O101: CUS491 | P101: ET22-11.0/2.4-BLK-25MM | Q101: 1223074418 | S101: 2 | U101: Initial Submission | V101: 45069 | W101: 09-Aug-23
A102: =IF(V102="",(TODAY()-C102),(V102-C102)) -> 54 | B102: PP00036-03 | C102: 45015 | D102: Approved 2023 | E102: VEN238 | G102: ECI | H102: Mexico | I102: HSTP2519 | J102: ET22 | K102: =IF(E102="KTG","KTG",(VLOOKUP(J102,'list of outsource'!B:H,2,0))) -> UPM | L102: D000030 | N102: P000569 | O102: CUS491 | P102: ET22-14.0/3.0-BLK-25MM | Q102: 1223136747 | S102: 2 | U102: Initial Submission | V102: 45069 | W102: 09-Aug-23
...

Sheet CODES OF CUSTOMERS
B1: PPAP Number | C1: CUSTOMER | D1: Country | E1: Last
B2: PP00046 | C2: ACS | D2: Mexico | E2: 0005
B3: PP00076 | C3: Amphenol FCI/TCS | D3: Mexico | E3: 0005
B4: PP00029 | C4: Angstrom | D4: Mexico | E4: 0002
B5: PP00042 | C5: Aptiv | D5: Mexico | E5: 0027
B6: PP00063 | C6: Aptiv | D6: EU | E6: 0005
B7: PP00031 | C7: AQ Wiring Systems UAB | D7: Europe | E7: 0068
B8: PP00045 | C8: Autokabel | D8: Mexico | E8: 0040
B9: PP00033 | C9: Bizlink | E9: 0095
B10: PP00065 | C10: Brose | D10: Germany | E10: 0020
B11: PP00012 | C11: CEMM | D11: Mexico | E11: 0035
B12: PP00058 | C12: COFAT | D12: Mexico | E12: 0009
B13: PP00034 | C13: Condumex | D13: Mexico | E13: 0038
B14: PP00077 | C14: Cooper Standard | D14: EU | E14: 0009
B15: PP00078 | C15: CTS | D15: EU | E15: 0049
B16: PP00079 | C16: Curt Group | D16: Mexico | E16: 0001
B17: PP00037 | C17: CVG | D17: Mexico | E17: 0032
B18: PP00080 | C18: Dortec Industries | D18: EU | E18: 0009
B19: PP00069 | C19: Draexlmaier | D19: Mexico | E19: 0004
B20: PP00081 | C20: E&K | D20: EU | E20: 0001
B21: PP00036 | C21: ECI | D21: Mexico | E21: 0001
... B31: PP00030 | C31: Flextronics | D31: Mexico | E31: 0004
B32: PP00070 | C32: Flextronics AGM | D32: Costa Rica
B33: PP00085 | C33: Fraenkishe | D33: EU
B34: PP00023 | C34: Gentherm | D34: Germany | E34: 0012
B35: PP00086 | C35: GG Cables & Wires | D35: Mexico | E35: 0003
B36: PP00060 | C36: Hesto | D36: EU | E36: 0032
B37: PP00087 | C37: Huf | D37: Mexico | E37: 0016
B38: PP00088 | C38: Hutchinson | D38: Mexico | E38: 0004
B39: PP00057 | C39: Intercable | D39: EU | E39: 0007
B40: PP00089 | C40: Intercomp | D40: EU | E40: 0012
B41: PP00090 | C41: Julian Electric | D41: Mexico | E41: 0034
B42: PP00091 | C42: Kalas Manufacturing | D42: EU | E42: 0015
B43: PP00092 | C43: Kent Manufacturing | D43: EU | E43: 0004
B44: PP00093 | C44: Kongsberg | D44: Mexico | E44: 0003
B45: PP00048 | C45: Kostal | D45: Germany | E45: 0004
... B89: PP00051 | C89: Yazaki Europe | D89: EU | E89: 0001

Sheet list of outsource
G3: Ellaborated by: | H3: Frank Du
G4: Revision: | H4: 01
G5: Date of revision: | H5: 46000
B7: Model | C7: Name of Manufacturer | D7: Manufacturer location | E7: Proximity to Manufacturer from ETC (car travel) | F7: Type of certificate ISO 9001, IATF16949 or both | G7: Expiration date of certificate (YYYY-MM-DD) | H7: Date of last audit to supplier by ETC (YYYY-MM-DD)
B8: ET01 | C8: ETC design and Kebao manufacture | D8: Guangzhou | E8: 16hr | F8: IATF 16949 | G8: 46343 | H8: /
B9: ET05 | C9: ETC | D9: Taicang | E9: - | F9: IATF 16949 | G9: 47020 | H9: N/A
B10: ET25 | C10: ETC | D10: Taicang | E10: - | F10: IATF 16949 | G10: 47020 | H10: N/A
B11: ET26 | C11: ETC | D11: Taicang | E11: - | F11: IATF 16949 | G11: 47020 | H11: N/A
B12: ET27 | C12: ETC | D12: Taicang | E12: - | F12: IATF 16949 | G12: 47020 | H12: N/A
B13: ET28 | C13: ETC | D13: Taicang | E13: - | F13: IATF 16949 | G13: 47020 | H13: N/A
B14: ET42 | C14: ETC | D14: Taicang | E14: - | F14: IATF 16949 | G14: 47020 | H14: N/A
B15: ET43 | C15: ETC | D15: Taicang | E15: - | F15: IATF 16949 | G15: 47020 | H15: N/A
B16: ET44 | C16: ETC | D16: Taicang | E16: - | F16: IATF 16949 | G16: 47020 | H16: N/A
B17: ET45 | C17: ETC | D17: Taicang | E17: - | F17: IATF 16949 | G17: 47020 | H17: N/A
B18: ET46 | C18: ETC | D18: Taicang | E18: - | F18: IATF 16949 | G18: 47020 | H18: N/A
B19: ET47 | C19: ETC | D19: Taicang | E19: - | F19: IATF 16949 | G19: 47020 | H19: N/A
... B51: ET89 | C51: Hongjing (Grandview) | D51: Dongguan | E51: 16 hrs | F51: ISO 9001 PLAN end of 2024 for IATF16949 and MES system | G51: 46268 | H51: visit at 2024/8/9 move to a new location about 20,000 ㎡ from 2024/8/1 hard to audit.
B52: ET92 | C52: Dongguan Gendian New Materials Co. , Ltd. | F52: IATF 16949 | G52: 46170 | H52: /
B53: ET93 | C53: Dongguan Gendian New Materials Co. , Ltd. | F53: IATF 16949 | G53: 46170 | H53: /
B54: ET55 | C54: Guangzhou yilian electronic Co. , Ltd. | D54: Guangzhou | E54: 16 hrs | F54: IATF 16949 | G54: 46197 | H54: /
B55: ET56 | C55: Guangzhou yilian electronic Co. , Ltd. | D55: Guangzhou | E55: 16 hrs | F55: IATF 16949 | G55: 46197 | H55: /
B56: ET00 | C56: Woer | D56: Shenzhen, China | G56: 46614
B57: ET22 | C57: UPM | G57: 46614
B58: ET01 | C58: UPM | G58: 46614
B59: ET02 | C59: UPM | G59: 46614
B60: ET04 | C60: UPM | G60: 46614
B61: ET06 | C61: UPM | G61: 46614
B62: ET07 | C62: Woer | D62: Shenzhen, China | G62: 46614
B63: ET08 | C63: UPM | G63: 46614
B64: ET09 | C64: UPM | G64: 46614
B65: ET10 | C65: UPM | G65: 46614
B66: ET11 | C66: UPM | G66: 46614
B67: ET12 | C67: UPM | G67: 46614
B68: ET14 | C68: UPM | G68: 46614
B69: ET15 | C69: UPM | G69: 46614
B70: ET16 | C70: UPM | G70: 46614
B71: ET17 | C71: UPM | G71: 46614
B72: ET18 | C72: UPM | G72: 46614
B73: ET20 | C73: UPM | G73: 46614
B74: ET21 | C74: UPM | G74: 46614
... B87: ET19 | C87: UPM | G87: 46614
