Workbook

Sheet Hoja1
A1: DAYS TO SUBMIT | B1: PPAP Number | C1: PPAP Req'd by Customer | D1: Current Status | E1: PPAP/IMDS from | F1: CUSTOMER | G1: Country | H1: Customer PN | I1: ET Model | J1: Manufacturer | K1: ET Dwg | L1: Rev | M1: ET PN | N1: Description | O1: IMDS number | P1: IMDS Status | Q1: PPAP docs | R1: Run@Rate | S1: Packing spec | T1: Feasibility report | U1: Level | V1: PPAP samples status | W1: Reason of Submission | X1: Sent to Customer | Y1: PSW returned from Cust Signed | Z1: Origin from report | AA1: Comments | AB1: INSPECTION REPORT NUMBER | AE1: ET PN en NetSuite | AF1: Si estan en la BD | AG1: PPAP Number | AH1: Customer_PN_ID | AI1: Customer_PN | AJ1: Cust PN Coinciden
A2: =IF(X2="",(TODAY()-C2),(X2-C2)) -> 5451 | B2: PP00003-1 | C2: 38546 | D2: Approved 2020 | E2: KTG | F2: Nexans | G2: Mexico | H2: 95850329 | I2: RO | J2: =IF(E2="KTG","KTG",(VLOOKUP(I2,'[1]list of outsource'!B:H,2,0))) -> KTG | K2: RO 001 | M2: E101702 | N2: CYG-DWT-RO(4005)-5.75-BK-75 | U2: 4 | W2: Initial Submission | X2: 43997 | Y2: 44067 | AE2: =LEFT(M2, FIND(" ", M2 & " ") - 1) -> E101702 | AF2: =_xlfn.XLOOKUP(AE2, Hoja2!A:A, Hoja2!A:A) -> E101702 | AG2: =LEFT(B2, FIND(" ", B2 & " ") - 1) -> PP00003-1 | AH2: =_xlfn.XLOOKUP(AG2, Hoja3!A:A, Hoja3!B:B) -> 104 | AI2: =_xlfn.XLOOKUP(AH2, Hoja4!A:A, Hoja4!B:B) -> 95850329 | AJ2: =H2=AI2 -> TRUE
A3: =IF(X3="",(TODAY()-C3),(X3-C3)) -> 5451 | B3: PP00003-2 | C3: 38546 | D3: Approved 2020 | E3: KTG | F3: Nexans | G3: Mexico | H3: 95850330 | I3: RO | J3: =IF(E3="KTG","KTG",(VLOOKUP(I3,'[1]list of outsource'!B:H,2,0))) -> KTG | K3: RO 001 | M3: E101705 | N3: CYG-DWT-RO(4005)-7.4-BK-75 | U3: 4 | W3: Initial Submission | X3: 43997 | Y3: 44067 | AE3: =LEFT(M3, FIND(" ", M3 & " ") - 1) -> E101705 | AF3: =_xlfn.XLOOKUP(AE3, Hoja2!A:A, Hoja2!A:A) -> E101705 | AG3: =LEFT(B3, FIND(" ", B3 & " ") - 1) -> PP00003-2 | AH3: =_xlfn.XLOOKUP(AG3, Hoja3!A:A, Hoja3!B:B) -> 107 | AI3: =_xlfn.XLOOKUP(AH3, Hoja4!A:A, Hoja4!B:B) -> 95850330 | AJ3: =H3=AI3 -> TRUE
A4: =IF(X4="",(TODAY()-C4),(X4-C4)) -> 5451 | B4: PP00003-3 | C4: 38546 | D4: Approved 2020 | E4: KTG | F4: Nexans | G4: Mexico | H4: 95850331 | I4: RO | J4: =IF(E4="KTG","KTG",(VLOOKUP(I4,'[1]list of outsource'!B:H,2,0))) -> KTG | K4: RO 001 | M4: E101706 | N4: CYG-DWT-RO(4005)-11.0-BK-75 | U4: 4 | W4: Initial Submission | X4: 43997 | Y4: 44067 | AE4: =LEFT(M4, FIND(" ", M4 & " ") - 1) -> E101706 | AF4: =_xlfn.XLOOKUP(AE4, Hoja2!A:A, Hoja2!A:A) -> E101706 | AG4: =LEFT(B4, FIND(" ", B4 & " ") - 1) -> PP00003-3 | AH4: =_xlfn.XLOOKUP(AG4, Hoja3!A:A, Hoja3!B:B) -> 108 | AI4: =_xlfn.XLOOKUP(AH4, Hoja4!A:A, Hoja4!B:B) -> 95850331 | AJ4: =H4=AI4 -> TRUE
A5: =IF(X5="",(TODAY()-C5),(X5-C5)) -> 5451 | B5: PP00003-4 | C5: 38546 | D5: Approved 2020 | E5: KTG | F5: Nexans | G5: Mexico | H5: 95850332 | I5: RO | J5: =IF(E5="KTG","KTG",(VLOOKUP(I5,'[1]list of outsource'!B:H,2,0))) -> KTG | K5: RO 001 | M5: E101703 | N5: CYG-DWT-RO(4005)-18.3-BK-75 | U5: 4 | W5: Initial Submission | X5: 43997 | Y5: 44067 | AE5: =LEFT(M5, FIND(" ", M5 & " ") - 1) -> E101703 | AF5: =_xlfn.XLOOKUP(AE5, Hoja2!A:A, Hoja2!A:A) -> E101703 | AG5: =LEFT(B5, FIND(" ", B5 & " ") - 1) -> PP00003-4 | AH5: =_xlfn.XLOOKUP(AG5, Hoja3!A:A, Hoja3!B:B) -> 105 | AI5: =_xlfn.XLOOKUP(AH5, Hoja4!A:A, Hoja4!B:B) -> 95850332 | AJ5: =H5=AI5 -> TRUE
A6: =IF(X6="",(TODAY()-C6),(X6-C6)) -> 5451 | B6: PP00003-5 | C6: 38546 | D6: Approved 2020 | E6: KTG | F6: Nexans | G6: Mexico | H6: 95850007 | I6: RO | J6: =IF(E6="KTG","KTG",(VLOOKUP(I6,'[1]list of outsource'!B:H,2,0))) -> KTG | K6: RO 001 | M6: E101701 | N6: CYG-DWT-RO(4005)-18.3-BK-150 | U6: 4 | W6: Initial Submission | X6: 43997 | Y6: 44067 | AE6: =LEFT(M6, FIND(" ", M6 & " ") - 1) -> E101701 | AF6: =_xlfn.XLOOKUP(AE6, Hoja2!A:A, Hoja2!A:A) -> E101701 | AG6: =LEFT(B6, FIND(" ", B6 & " ") - 1) -> PP00003-5 | AH6: =_xlfn.XLOOKUP(AG6, Hoja3!A:A, Hoja3!B:B) -> 103 | AI6: =_xlfn.XLOOKUP(AH6, Hoja4!A:A, Hoja4!B:B) -> 95850007 | AJ6: =H6=AI6 -> TRUE
A7: =IF(X7="",(TODAY()-C7),(X7-C7)) -> 42115 | B7: PP00001-1 | C7: 2021 | D7: Program died | E7: KTG | F7: Gentherm | G7: Mexico | H7: 18052000A | I7: ET36 | J7: =IF(E7="KTG","KTG",(VLOOKUP(I7,'[1]list of outsource'!B:H,2,0))) -> KTG | K7: D000017 | M7: P000035 | N7: ET36 SWN090-40PVV000, 4.6-800m Black | U7: 2 | X7: 44136 | AE7: =LEFT(M7, FIND(" ", M7 & " ") - 1) -> P000035 | AF7: =_xlfn.XLOOKUP(AE7, Hoja2!A:A, Hoja2!A:A) -> #N/A
A8: =IF(X8="",(TODAY()-C8),(X8-C8)) -> 42115 | B8: PP00001-2 | C8: 2021 | D8: Program died | E8: KTG | F8: Gentherm | G8: Mexico | H8: 18052001A | I8: ET36 | J8: =IF(E8="KTG","KTG",(VLOOKUP(I8,'[1]list of outsource'!B:H,2,0))) -> KTG | K8: D000017 | M8: P000036 | N8: ET36 SWN090-40PVV000, 5.1-500m Black | U8: 2 | X8: 44136 | AE8: =LEFT(M8, FIND(" ", M8 & " ") - 1) -> P000036 | AF8: =_xlfn.XLOOKUP(AE8, Hoja2!A:A, Hoja2!A:A) -> #N/A
A9: =IF(X9="",(TODAY()-C9),(X9-C9)) -> 42115 | B9: PP00001-3 | C9: 2021 | D9: Program died | E9: KTG | F9: Gentherm | G9: Mexico | H9: 12000051A | I9: ET36 | J9: =IF(E9="KTG","KTG",(VLOOKUP(I9,'[1]list of outsource'!B:H,2,0))) -> KTG | K9: D000017 | M9: P000037 | N9: ET36 SWN090-40PVV000, 6.0-400m Black | U9: 2 | X9: 44136 | AE9: =LEFT(M9, FIND(" ", M9 & " ") - 1) -> P000037 | AF9: =_xlfn.XLOOKUP(AE9, Hoja2!A:A, Hoja2!A:A) -> #N/A
A10: =IF(X10="",(TODAY()-C10),(X10-C10)) -> 5590 | B10: PP00001-4 | C10: 38546 | D10: Program died | E10: KTG | F10: Gentherm | G10: Mexico | H10: 18052002A | I10: ET36 | J10: =IF(E10="KTG","KTG",(VLOOKUP(I10,'[1]list of outsource'!B:H,2,0))) -> KTG | K10: D000017 | M10: P000038 | N10: ET36 SWN090-40PVV000, 6.1-500m Black | U10: 2 | X10: 44136 | AE10: =LEFT(M10, FIND(" ", M10 & " ") - 1) -> P000038 | AF10: =_xlfn.XLOOKUP(AE10, Hoja2!A:A, Hoja2!A:A) -> #N/A
A11: =IF(X11="",(TODAY()-C11),(X11-C11)) -> 5590 | B11: PP00001-5 | C11: 38546 | D11: Program died | E11: KTG | F11: Gentherm | G11: Mexico | H11: 12002514A | I11: ET36 | J11: =IF(E11="KTG","KTG",(VLOOKUP(I11,'[1]list of outsource'!B:H,2,0))) -> KTG | K11: D000017 | M11: P000040 | N11: ET36 SWN090-40PVV000,7.0-340m Black | U11: 2 | X11: 44136 | AE11: =LEFT(M11, FIND(" ", M11 & " ") - 1) -> P000040 | AF11: =_xlfn.XLOOKUP(AE11, Hoja2!A:A, Hoja2!A:A) -> #N/A
A12: =IF(X12="",(TODAY()-C12),(X12-C12)) -> 5590 | B12: PP00001-6 | C12: 38546 | D12: Program died | E12: KTG | F12: Gentherm | G12: Mexico | H12: 18052065A | I12: ET36 | J12: =IF(E12="KTG","KTG",(VLOOKUP(I12,'[1]list of outsource'!B:H,2,0))) -> KTG | K12: D000017 | M12: P000039 | N12: ET36 SWN090-40PVV000,7.1-350m Black | U12: 2 | X12: 44136 | AE12: =LEFT(M12, FIND(" ", M12 & " ") - 1) -> P000039 | AF12: =_xlfn.XLOOKUP(AE12, Hoja2!A:A, Hoja2!A:A) -> #N/A
A13: =IF(X13="",(TODAY()-C13),(X13-C13)) -> 5590 | B13: PP00001-7 | C13: 38546 | D13: Program died | E13: KTG | F13: Gentherm | G13: Mexico | H13: 12001469A | I13: ET36 | J13: =IF(E13="KTG","KTG",(VLOOKUP(I13,'[1]list of outsource'!B:H,2,0))) -> KTG | K13: D000017 | M13: P000041 | N13: ET36 SWN090-40PVV000, 10.0-150m Black | U13: 2 | X13: 44136 | AE13: =LEFT(M13, FIND(" ", M13 & " ") - 1) -> P000041 | AF13: =_xlfn.XLOOKUP(AE13, Hoja2!A:A, Hoja2!A:A) -> #N/A
A14: =IF(X14="",(TODAY()-C14),(X14-C14)) -> 5498 | B14: PP00002-1 | C14: 38546 | E14: UPM | F14: Lear | G14: Morocco | H14: E26424100 | I14: ET10 | J14: =IF(E14="KTG","KTG",(VLOOKUP(I14,'[1]list of outsource'!B:H,2,0))) -> UPM | K14: D000004 | M14: P000042 | N14: ET10-8.0/2.0-BK-30mm | U14: 2 | W14: Initial Submission | X14: 44044 | AE14: =LEFT(M14, FIND(" ", M14 & " ") - 1) -> P000042 | AF14: =_xlfn.XLOOKUP(AE14, Hoja2!A:A, Hoja2!A:A) -> P000042 | AG14: =LEFT(B14, FIND(" ", B14 & " ") - 1) -> PP00002-1 | AH14: =_xlfn.XLOOKUP(AG14, Hoja3!A:A, Hoja3!B:B) -> 5241 | AI14: =_xlfn.XLOOKUP(AH14, Hoja4!A:A, Hoja4!B:B) -> E26424100 | AJ14: =H14=AI14 -> TRUE
A15: =IF(X15="",(TODAY()-C15),(X15-C15)) -> 7463 | B15: PP00006-1 | C15: 38546 | D15: NO Req from Customer | E15: UPM | F15: Gentherm | G15: Hungary | H15: 11039581A | I15: ET00 | J15: =IF(E15="KTG","KTG",(VLOOKUP(I15,'[1]list of outsource'!B:H,2,0))) -> Woer | K15: D000002 | M15: P100207 | N15: ET00 SWS135-55PXV000, 19.0/9.5-Black | U15: 2 | W15: Initial Submission | AE15: =LEFT(M15, FIND(" ", M15 & " ") - 1) -> P100207 | AF15: =_xlfn.XLOOKUP(AE15, Hoja2!A:A, Hoja2!A:A) -> P100207 | AG15: =LEFT(B15, FIND(" ", B15 & " ") - 1) -> PP00006-1 | AH15: =_xlfn.XLOOKUP(AG15, Hoja3!A:A, Hoja3!B:B) -> 5234 | AI15: =_xlfn.XLOOKUP(AH15, Hoja4!A:A, Hoja4!B:B) -> 11039581A | AJ15: =H15=AI15 -> TRUE
A16: =IF(X16="",(TODAY()-C16),(X16-C16)) -> 5818 | B16: PP00007-1 | C16: 38546 | D16: Approved 2021 | E16: UPM | F16: PKC | G16: Poland | H16: GP078903 | I16: ET00 | J16: =IF(E16="KTG","KTG",(VLOOKUP(I16,'[1]list of outsource'!B:H,2,0))) -> Woer | K16: D000002 | M16: P100257 | N16: ET00 SWS135-55PXV000, 32.0/16.0-Black | U16: 2 | W16: Initial Submission | X16: 44364 | Y16: 44368 | AE16: =LEFT(M16, FIND(" ", M16 & " ") - 1) -> P100257 | AF16: =_xlfn.XLOOKUP(AE16, Hoja2!A:A, Hoja2!A:A) -> P100257 | AG16: =LEFT(B16, FIND(" ", B16 & " ") - 1) -> PP00007-1 | AH16: =_xlfn.XLOOKUP(AG16, Hoja3!A:A, Hoja3!B:B) -> 5552 | AI16: =_xlfn.XLOOKUP(AH16, Hoja4!A:A, Hoja4!B:B) -> GP078903 | AJ16: =H16=AI16 -> TRUE
A17: =IF(X17="",(TODAY()-C17),(X17-C17)) -> 5947 | B17: PP00010-1 | C17: 38546 | D17: Approved 2021 | E17: UPM | F17: Gentherm | G17: Hungary | H17: 11026984A | I17: ET52 | J17: =IF(E17="KTG","KTG",(VLOOKUP(I17,'[1]list of outsource'!B:H,2,0))) -> UPM | K17: D000043 | M17: P100262 | N17: ET52 SWS135-55PXM000, 4.8/1.6-15mm-WHT-LH | U17: 2 | W17: Initial Submission | X17: 44493 | Y17: 44502 | AE17: =LEFT(M17, FIND(" ", M17 & " ") - 1) -> P100262 | AF17: =_xlfn.XLOOKUP(AE17, Hoja2!A:A, Hoja2!A:A) -> P100262 | AG17: =LEFT(B17, FIND(" ", B17 & " ") - 1) -> PP00010-1 | AH17: =_xlfn.XLOOKUP(AG17, Hoja3!A:A, Hoja3!B:B) -> 5236 | AI17: =_xlfn.XLOOKUP(AH17, Hoja4!A:A, Hoja4!B:B) -> 11026984A | AJ17: =H17=AI17 -> TRUE
A18: =IF(X18="",(TODAY()-C18),(X18-C18)) -> 5947 | B18: PP00010-2 | C18: 38546 | D18: Approved 2021 | E18: UPM | F18: Gentherm | G18: Hungary | H18: 11026985A | I18: ET52 | J18: =IF(E18="KTG","KTG",(VLOOKUP(I18,'[1]list of outsource'!B:H,2,0))) -> UPM | K18: D000043 | M18: P100263 | N18: ET52 SWS135-55PXM000, 4.8/1.6-15mm-WHT-RH | U18: 2 | W18: Initial Submission | X18: 44493 | Y18: 44502 | AE18: =LEFT(M18, FIND(" ", M18 & " ") - 1) -> P100263 | AF18: =_xlfn.XLOOKUP(AE18, Hoja2!A:A, Hoja2!A:A) -> P100263 | AG18: =LEFT(B18, FIND(" ", B18 & " ") - 1) -> PP00010-2 | AH18: =_xlfn.XLOOKUP(AG18, Hoja3!A:A, Hoja3!B:B) -> 5238 | AI18: =_xlfn.XLOOKUP(AH18, Hoja4!A:A, Hoja4!B:B) -> 11026985A | AJ18: =H18=AI18 -> TRUE
A19: =IF(X19="",(TODAY()-C19),(X19-C19)) -> 5498 | B19: PP00002-2 | C19: 38546 | E19: UPM | F19: Lear | G19: Morocco | H19: E26459700 | I19: ET10 | J19: =IF(E19="KTG","KTG",(VLOOKUP(I19,'[1]list of outsource'!B:H,2,0))) -> UPM | K19: D000004 | M19: P000043 | N19: ET10-12.0/3.0-BLK-50mm | U19: 2 | W19: Initial Submission | X19: 44044 | AE19: =LEFT(M19, FIND(" ", M19 & " ") - 1) -> P000043 | AF19: =_xlfn.XLOOKUP(AE19, Hoja2!A:A, Hoja2!A:A) -> P000043 | AG19: =LEFT(B19, FIND(" ", B19 & " ") - 1) -> PP00002-2 | AH19: =_xlfn.XLOOKUP(AG19, Hoja3!A:A, Hoja3!B:B) -> 5243 | AI19: =_xlfn.XLOOKUP(AH19, Hoja4!A:A, Hoja4!B:B) -> E26459700 | AJ19: =H19=AI19 -> TRUE
A20: =IF(X20="",(TODAY()-C20),(X20-C20)) -> 6004 | B20: PP00011-1 | C20: 38546 | D20: PSW Pending Approve | E20: KTG | F20: Nexans | G20: Mexico | H20: 95850332 | I20: RO | J20: =IF(E20="KTG","KTG",(VLOOKUP(I20,'[1]list of outsource'!B:H,2,0))) -> KTG | K20: RO 001 | M20: E101703 | N20: CYG-DWT-RO(4005)-18.3-BK-75 | U20: 1 | W20: Tooling | X20: 44550 | AE20: =LEFT(M20, FIND(" ", M20 & " ") - 1) -> E101703 | AF20: =_xlfn.XLOOKUP(AE20, Hoja2!A:A, Hoja2!A:A) -> E101703 | AG20: =LEFT(B20, FIND(" ", B20 & " ") - 1) -> PP00011-1 | AH20: =_xlfn.XLOOKUP(AG20, Hoja3!A:A, Hoja3!B:B) -> 105 | AI20: =_xlfn.XLOOKUP(AH20, Hoja4!A:A, Hoja4!B:B) -> 95850332 | AJ20: =H20=AI20 -> TRUE
A21: =IF(X21="",(TODAY()-C21),(X21-C21)) -> 6004 | B21: PP00011-2 | C21: 38546 | D21: PSW Pending Approve | E21: KTG | F21: Nexans | G21: Mexico | H21: 95850007 | I21: RO | J21: =IF(E21="KTG","KTG",(VLOOKUP(I21,'[1]list of outsource'!B:H,2,0))) -> KTG | K21: RO 001 | M21: E101701 | N21: CYG-DWT-RO(4005)-18.3-BK-150 | U21: 1 | W21: Tooling | X21: 44550 | AE21: =LEFT(M21, FIND(" ", M21 & " ") - 1) -> E101701 | AF21: =_xlfn.XLOOKUP(AE21, Hoja2!A:A, Hoja2!A:A) -> E101701 | AG21: =LEFT(B21, FIND(" ", B21 & " ") - 1) -> PP00011-2 | AH21: =_xlfn.XLOOKUP(AG21, Hoja3!A:A, Hoja3!B:B) -> 103 | AI21: =_xlfn.XLOOKUP(AH21, Hoja4!A:A, Hoja4!B:B) -> 95850007 | AJ21: =H21=AI21 -> TRUE
A22: =IF(X22="",(TODAY()-C22),(X22-C22)) -> 6091 | B22: PP00015-1 | C22: 38546 | D22: PSW Pending Approve | E22: UPM | F22: Meissner | G22: Germany | H22: 012538 | I22: ET00 | J22: =IF(E22="KTG","KTG",(VLOOKUP(I22,'[1]list of outsource'!B:H,2,0))) -> Woer | K22: D000002 | M22: P000030 | N22: ET00 SWS135-55PXV000, 3.2/1.6-Black | U22: 1 | W22: Initial Submission | X22: 44637 | AE22: =LEFT(M22, FIND(" ", M22 & " ") - 1) -> P000030 | AF22: =_xlfn.XLOOKUP(AE22, Hoja2!A:A, Hoja2!A:A) -> P000030 | AG22: =LEFT(B22, FIND(" ", B22 & " ") - 1) -> PP00015-1 | AH22: =_xlfn.XLOOKUP(AG22, Hoja3!A:A, Hoja3!B:B) -> #N/A
A23: =IF(X23="",(TODAY()-C23),(X23-C23)) -> 5899 | B23: PP00009-1 | C23: 38546 | D23: PSW Pending Approve | E23: UPM | F23: PKC | G23: Lithuania | H23: GP085283 | I23: ET11 | J23: =IF(E23="KTG","KTG",(VLOOKUP(I23,'[1]list of outsource'!B:H,2,0))) -> UPM | K23: D00005 | M23: P000028 | N23: ET11 DWS125-55PXTEVR, 24/6-Black | U23: 2 | W23: Initial Submission | X23: 44445 | AE23: =LEFT(M23, FIND(" ", M23 & " ") - 1) -> P000028 | AF23: =_xlfn.XLOOKUP(AE23, Hoja2!A:A, Hoja2!A:A) -> P000028 | AG23: =LEFT(B23, FIND(" ", B23 & " ") - 1) -> PP00009-1 | AH23: 5558 | AI23: =_xlfn.XLOOKUP(AH23, Hoja4!A:A, Hoja4!B:B) -> GP085283 | AJ23: =H23=AI23 -> TRUE
A24: =IF(X24="",(TODAY()-C24),(X24-C24)) -> 6224 | B24: PP00014-01 | C24: 38547 | D24: Approved 2022 | E24: ETC | F24: ECI | G24: Mexico | H24: HST555P78 | I24: ET72 | J24: =IF(E24="KTG","KTG",(VLOOKUP(I24,'[1]list of outsource'!B:H,2,0))) -> Kebao | K24: D000066 | M24: P000115 | N24: ET72-9.5/4.8-38MM-BLK | U24: 2 | W24: Initial Submission | X24: 44771 | Y24: 44778 | AE24: =LEFT(M24, FIND(" ", M24 & " ") - 1) -> P000115 | AF24: =_xlfn.XLOOKUP(AE24, Hoja2!A:A, Hoja2!A:A) -> P000115 | AG24: =LEFT(B24, FIND(" ", B24 & " ") - 1) -> PP00014-01 | AH24: =_xlfn.XLOOKUP(AG24, Hoja3!A:A, Hoja3!B:B) -> 5173 | AI24: =_xlfn.XLOOKUP(AH24, Hoja4!A:A, Hoja4!B:B) -> HST555P78 | AJ24: =H24=AI24 -> TRUE
A25: =IF(X25="",(TODAY()-C25),(X25-C25)) -> 5450 | B25: PP00003-1 | C25: 38547 | D25: Approved 2020 | E25: KTG | F25: Nexans | G25: Mexico | H25: 95850329 | I25: RO | J25: =IF(E25="KTG","KTG",(VLOOKUP(I25,'[1]list of outsource'!B:H,2,0))) -> KTG | K25: RO 001 | M25: E101702 | N25: CYG-DWT-RO(4005)-5.75-BK-75 | U25: 4 | W25: Initial Submission | X25: 43997 | Y25: 44067 | AE25: =LEFT(M25, FIND(" ", M25 & " ") - 1) -> E101702 | AF25: =_xlfn.XLOOKUP(AE25, Hoja2!A:A, Hoja2!A:A) -> E101702 | AG25: =LEFT(B25, FIND(" ", B25 & " ") - 1) -> PP00003-1 | AH25: =_xlfn.XLOOKUP(AG25, Hoja3!A:A, Hoja3!B:B) -> 104 | AI25: =_xlfn.XLOOKUP(AH25, Hoja4!A:A, Hoja4!B:B) -> 95850329 | AJ25: =H25=AI25 -> TRUE
A26: =IF(X26="",(TODAY()-C26),(X26-C26)) -> 5450 | B26: PP00003-2 | C26: 38547 | D26: Approved 2020 | E26: KTG | F26: Nexans | G26: Mexico | H26: 95850330 | I26: RO | J26: =IF(E26="KTG","KTG",(VLOOKUP(I26,'[1]list of outsource'!B:H,2,0))) -> KTG | K26: RO 001 | M26: E101705 | N26: CYG-DWT-RO(4005)-7.4-BK-75 | U26: 4 | W26: Initial Submission | X26: 43997 | Y26: 44067 | AE26: =LEFT(M26, FIND(" ", M26 & " ") - 1) -> E101705 | AF26: =_xlfn.XLOOKUP(AE26, Hoja2!A:A, Hoja2!A:A) -> E101705 | AG26: =LEFT(B26, FIND(" ", B26 & " ") - 1) -> PP00003-2 | AH26: =_xlfn.XLOOKUP(AG26, Hoja3!A:A, Hoja3!B:B) -> 107 | AI26: =_xlfn.XLOOKUP(AH26, Hoja4!A:A, Hoja4!B:B) -> 95850330 | AJ26: =H26=AI26 -> TRUE
A27: =IF(X27="",(TODAY()-C27),(X27-C27)) -> 5450 | B27: PP00003-3 | C27: 38547 | D27: Approved 2020 | E27: KTG | F27: Nexans | G27: Mexico | H27: 95850331 | I27: RO | J27: =IF(E27="KTG","KTG",(VLOOKUP(I27,'[1]list of outsource'!B:H,2,0))) -> KTG | K27: RO 001 | M27: E101706 | N27: CYG-DWT-RO(4005)-11.0-BK-75 | U27: 4 | W27: Initial Submission | X27: 43997 | Y27: 44067 | AE27: =LEFT(M27, FIND(" ", M27 & " ") - 1) -> E101706 | AF27: =_xlfn.XLOOKUP(AE27, Hoja2!A:A, Hoja2!A:A) -> E101706 | AG27: =LEFT(B27, FIND(" ", B27 & " ") - 1) -> PP00003-3 | AH27: =_xlfn.XLOOKUP(AG27, Hoja3!A:A, Hoja3!B:B) -> 108 | AI27: =_xlfn.XLOOKUP(AH27, Hoja4!A:A, Hoja4!B:B) -> 95850331 | AJ27: =H27=AI27 -> TRUE
A28: =IF(X28="",(TODAY()-C28),(X28-C28)) -> 5450 | B28: PP00003-4 | C28: 38547 | D28: Approved 2020 | E28: KTG | F28: Nexans | G28: Mexico | H28: 95850332 | I28: RO | J28: =IF(E28="KTG","KTG",(VLOOKUP(I28,'[1]list of outsource'!B:H,2,0))) -> KTG | K28: RO 001 | M28: E101703 | N28: CYG-DWT-RO(4005)-18.3-BK-75 | U28: 4 | W28: Initial Submission | X28: 43997 | Y28: 44067 | AE28: =LEFT(M28, FIND(" ", M28 & " ") - 1) -> E101703 | AF28: =_xlfn.XLOOKUP(AE28, Hoja2!A:A, Hoja2!A:A) -> E101703 | AG28: =LEFT(B28, FIND(" ", B28 & " ") - 1) -> PP00003-4 | AH28: =_xlfn.XLOOKUP(AG28, Hoja3!A:A, Hoja3!B:B) -> 105 | AI28: =_xlfn.XLOOKUP(AH28, Hoja4!A:A, Hoja4!B:B) -> 95850332 | AJ28: =H28=AI28 -> TRUE
A29: =IF(X29="",(TODAY()-C29),(X29-C29)) -> 5450 | B29: PP00003-5 | C29: 38547 | D29: Approved 2020 | E29: KTG | F29: Nexans | G29: Mexico | H29: 95850007 | I29: RO | J29: =IF(E29="KTG","KTG",(VLOOKUP(I29,'[1]list of outsource'!B:H,2,0))) -> KTG | K29: RO 001 | M29: E101701 | N29: CYG-DWT-RO(4005)-18.3-BK-150 | U29: 4 | W29: Initial Submission | X29: 43997 | Y29: 44067 | AE29: =LEFT(M29, FIND(" ", M29 & " ") - 1) -> E101701 | AF29: =_xlfn.XLOOKUP(AE29, Hoja2!A:A, Hoja2!A:A) -> E101701 | AG29: =LEFT(B29, FIND(" ", B29 & " ") - 1) -> PP00003-5 | AH29: =_xlfn.XLOOKUP(AG29, Hoja3!A:A, Hoja3!B:B) -> 103 | AI29: =_xlfn.XLOOKUP(AH29, Hoja4!A:A, Hoja4!B:B) -> 95850007 | AJ29: =H29=AI29 -> TRUE
A30: =IF(X30="",(TODAY()-C30),(X30-C30)) -> 5817 | B30: PP00007-1 | C30: 38547 | D30: Approved 2021 | E30: UPM | F30: PKC | G30: Poland | H30: GP078903 | I30: ET00 | J30: =IF(E30="KTG","KTG",(VLOOKUP(I30,'[1]list of outsource'!B:H,2,0))) -> Woer | K30: D000002 | M30: P100257 | N30: ET00 SWS135-55PXV000, 32.0/16.0-Black | U30: 2 | W30: Initial Submission | X30: 44364 | Y30: 44368 | AE30: =LEFT(M30, FIND(" ", M30 & " ") - 1) -> P100257 | AF30: =_xlfn.XLOOKUP(AE30, Hoja2!A:A, Hoja2!A:A) -> P100257 | AG30: =LEFT(B30, FIND(" ", B30 & " ") - 1) -> PP00007-1 | AH30: =_xlfn.XLOOKUP(AG30, Hoja3!A:A, Hoja3!B:B) -> 5552 | AI30: =_xlfn.XLOOKUP(AH30, Hoja4!A:A, Hoja4!B:B) -> GP078903 | AJ30: =H30=AI30 -> TRUE
A31: =IF(X31="",(TODAY()-C31),(X31-C31)) -> 5497 | B31: PP00002-1 | C31: 38547 | E31: UPM | F31: Lear | G31: Morocco | H31: E26424100 | I31: ET10 | J31: =IF(E31="KTG","KTG",(VLOOKUP(I31,'[1]list of outsource'!B:H,2,0))) -> UPM | K31: D000004 | M31: P000042 | N31: ET10-8.0/2.0-BK-30mm | U31: 2 | W31: Initial Submission | X31: 44044 | AE31: =LEFT(M31, FIND(" ", M31 & " ") - 1) -> P000042 | AF31: =_xlfn.XLOOKUP(AE31, Hoja2!A:A, Hoja2!A:A) -> P000042 | AG31: =LEFT(B31, FIND(" ", B31 & " ") - 1) -> PP00002-1 | AH31: =_xlfn.XLOOKUP(AG31, Hoja3!A:A, Hoja3!B:B) -> 5241 | AI31: =_xlfn.XLOOKUP(AH31, Hoja4!A:A, Hoja4!B:B) -> E26424100 | AJ31: =H31=AI31 -> TRUE
A32: =IF(X32="",(TODAY()-C32),(X32-C32)) -> 5589 | B32: PP00001-1 | C32: 38547 | D32: Program died | E32: KTG | F32: Gentherm | G32: Mexico | H32: 18052000A | I32: ET36 | J32: =IF(E32="KTG","KTG",(VLOOKUP(I32,'[1]list of outsource'!B:H,2,0))) -> KTG | K32: D000017 | M32: P000035 | N32: ET36 SWN090-40PVV000, 4.6-800m Black | U32: 2 | X32: 44136 | AE32: =LEFT(M32, FIND(" ", M32 & " ") - 1) -> P000035 | AF32: =_xlfn.XLOOKUP(AE32, Hoja2!A:A, Hoja2!A:A) -> #N/A
A33: =IF(X33="",(TODAY()-C33),(X33-C33)) -> 5589 | B33: PP00001-2 | C33: 38547 | D33: Program died | E33: KTG | F33: Gentherm | G33: Mexico | H33: 18052001A | I33: ET36 | J33: =IF(E33="KTG","KTG",(VLOOKUP(I33,'[1]list of outsource'!B:H,2,0))) -> KTG | K33: D000017 | M33: P000036 | N33: ET36 SWN090-40PVV000, 5.1-500m Black | U33: 2 | X33: 44136 | AE33: =LEFT(M33, FIND(" ", M33 & " ") - 1) -> P000036 | AF33: =_xlfn.XLOOKUP(AE33, Hoja2!A:A, Hoja2!A:A) -> #N/A
A34: =IF(X34="",(TODAY()-C34),(X34-C34)) -> 5589 | B34: PP00001-3 | C34: 38547 | D34: Program died | E34: KTG | F34: Gentherm | G34: Mexico | H34: 12000051A | I34: ET36 | J34: =IF(E34="KTG","KTG",(VLOOKUP(I34,'[1]list of outsource'!B:H,2,0))) -> KTG | K34: D000017 | M34: P000037 | N34: ET36 SWN090-40PVV000, 6.0-400m Black | U34: 2 | X34: 44136 | AE34: =LEFT(M34, FIND(" ", M34 & " ") - 1) -> P000037 | AF34: =_xlfn.XLOOKUP(AE34, Hoja2!A:A, Hoja2!A:A) -> #N/A
A35: =IF(X35="",(TODAY()-C35),(X35-C35)) -> 5589 | B35: PP00001-4 | C35: 38547 | D35: Program died | E35: KTG | F35: Gentherm | G35: Mexico | H35: 18052002A | I35: ET36 | J35: =IF(E35="KTG","KTG",(VLOOKUP(I35,'[1]list of outsource'!B:H,2,0))) -> KTG | K35: D000017 | M35: P000038 | N35: ET36 SWN090-40PVV000, 6.1-500m Black | U35: 2 | X35: 44136 | AE35: =LEFT(M35, FIND(" ", M35 & " ") - 1) -> P000038 | AF35: =_xlfn.XLOOKUP(AE35, Hoja2!A:A, Hoja2!A:A) -> #N/A
A36: =IF(X36="",(TODAY()-C36),(X36-C36)) -> 5589 | B36: PP00001-5 | C36: 38547 | D36: Program died | E36: KTG | F36: Gentherm | G36: Mexico | H36: 12002514A | I36: ET36 | J36: =IF(E36="KTG","KTG",(VLOOKUP(I36,'[1]list of outsource'!B:H,2,0))) -> KTG | K36: D000017 | M36: P000040 | N36: ET36 SWN090-40PVV000,7.0-340m Black | U36: 2 | X36: 44136 | AE36: =LEFT(M36, FIND(" ", M36 & " ") - 1) -> P000040 | AF36: =_xlfn.XLOOKUP(AE36, Hoja2!A:A, Hoja2!A:A) -> #N/A
A37: =IF(X37="",(TODAY()-C37),(X37-C37)) -> 5589 | B37: PP00001-6 | C37: 38547 | D37: Program died | E37: KTG | F37: Gentherm | G37: Mexico | H37: 18052065A | I37: ET36 | J37: =IF(E37="KTG","KTG",(VLOOKUP(I37,'[1]list of outsource'!B:H,2,0))) -> KTG | K37: D000017 | M37: P000039 | N37: ET36 SWN090-40PVV000,7.1-350m Black | U37: 2 | X37: 44136 | AE37: =LEFT(M37, FIND(" ", M37 & " ") - 1) -> P000039 | AF37: =_xlfn.XLOOKUP(AE37, Hoja2!A:A, Hoja2!A:A) -> #N/A
A38: =IF(X38="",(TODAY()-C38),(X38-C38)) -> 5589 | B38: PP00001-7 | C38: 38547 | D38: Program died | E38: KTG | F38: Gentherm | G38: Mexico | H38: 12001469A | I38: ET36 | J38: =IF(E38="KTG","KTG",(VLOOKUP(I38,'[1]list of outsource'!B:H,2,0))) -> KTG | K38: D000017 | M38: P000041 | N38: ET36 SWN090-40PVV000, 10.0-150m Black | U38: 2 | X38: 44136 | AE38: =LEFT(M38, FIND(" ", M38 & " ") - 1) -> P000041 | AF38: =_xlfn.XLOOKUP(AE38, Hoja2!A:A, Hoja2!A:A) -> #N/A
A39: =IF(X39="",(TODAY()-C39),(X39-C39)) -> 5497 | B39: PP00002-2 | C39: 38547 | E39: UPM | F39: Lear | G39: Morocco | H39: E26459700 | I39: ET10 | J39: =IF(E39="KTG","KTG",(VLOOKUP(I39,'[1]list of outsource'!B:H,2,0))) -> UPM | K39: D000004 | M39: P000043 | N39: ET10-12.0/3.0-BLK-50mm | U39: 2 | W39: Initial Submission | X39: 44044 | AE39: =LEFT(M39, FIND(" ", M39 & " ") - 1) -> P000043 | AF39: =_xlfn.XLOOKUP(AE39, Hoja2!A:A, Hoja2!A:A) -> P000043 | AG39: =LEFT(B39, FIND(" ", B39 & " ") - 1) -> PP00002-2 | AH39: =_xlfn.XLOOKUP(AG39, Hoja3!A:A, Hoja3!B:B) -> 5243 | AI39: =_xlfn.XLOOKUP(AH39, Hoja4!A:A, Hoja4!B:B) -> E26459700 | AJ39: =H39=AI39 -> TRUE
A40: =IF(X40="",(TODAY()-C40),(X40-C40)) -> 7462 | B40: PP00006-1 | C40: 38547 | D40: NO Req from Customer | E40: KTG | F40: Gentherm | G40: Hungary | H40: 11039581A | I40: ET00 | J40: =IF(E40="KTG","KTG",(VLOOKUP(I40,'[1]list of outsource'!B:H,2,0))) -> KTG | K40: D000002 | M40: P100207 | N40: ET00 SWS135-55PXV000, 19.0/9.5-Black | U40: 2 | W40: Initial Submission | AE40: =LEFT(M40, FIND(" ", M40 & " ") - 1) -> P100207 | AF40: =_xlfn.XLOOKUP(AE40, Hoja2!A:A, Hoja2!A:A) -> P100207 | AG40: =LEFT(B40, FIND(" ", B40 & " ") - 1) -> PP00006-1 | AH40: =_xlfn.XLOOKUP(AG40, Hoja3!A:A, Hoja3!B:B) -> 5234 | AI40: =_xlfn.XLOOKUP(AH40, Hoja4!A:A, Hoja4!B:B) -> 11039581A | AJ40: =H40=AI40 -> TRUE
A41: =IF(X41="",(TODAY()-C41),(X41-C41)) -> 5946 | B41: PP00010-1 | C41: 38547 | D41: Approved 2021 | E41: UPM | F41: Gentherm | G41: Hungary | H41: 11026984A | I41: ET52 | J41: =IF(E41="KTG","KTG",(VLOOKUP(I41,'[1]list of outsource'!B:H,2,0))) -> UPM | K41: D000043 | M41: P100262 | N41: ET52 SWS135-55PXM000, 4.8/1.6-15mm-WHT-LH | U41: 2 | W41: Initial Submission | X41: 44493 | Y41: 44502 | AE41: =LEFT(M41, FIND(" ", M41 & " ") - 1) -> P100262 | AF41: =_xlfn.XLOOKUP(AE41, Hoja2!A:A, Hoja2!A:A) -> P100262 | AG41: =LEFT(B41, FIND(" ", B41 & " ") - 1) -> PP00010-1 | AH41: =_xlfn.XLOOKUP(AG41, Hoja3!A:A, Hoja3!B:B) -> 5236 | AI41: =_xlfn.XLOOKUP(AH41, Hoja4!A:A, Hoja4!B:B) -> 11026984A | AJ41: =H41=AI41 -> TRUE
A42: =IF(X42="",(TODAY()-C42),(X42-C42)) -> 5946 | B42: PP00010-2 | C42: 38547 | D42: Approved 2021 | E42: UPM | F42: Gentherm | G42: Hungary | H42: 11026985A | I42: ET52 | J42: =IF(E42="KTG","KTG",(VLOOKUP(I42,'[1]list of outsource'!B:H,2,0))) -> UPM | K42: D000043 | M42: P100263 | N42: ET52 SWS135-55PXM000, 4.8/1.6-15mm-WHT-RH | U42: 2 | W42: Initial Submission | X42: 44493 | Y42: 44502 | AE42: =LEFT(M42, FIND(" ", M42 & " ") - 1) -> P100263 | AF42: =_xlfn.XLOOKUP(AE42, Hoja2!A:A, Hoja2!A:A) -> P100263 | AG42: =LEFT(B42, FIND(" ", B42 & " ") - 1) -> PP00010-2 | AH42: =_xlfn.XLOOKUP(AG42, Hoja3!A:A, Hoja3!B:B) -> 5238 | AI42: =_xlfn.XLOOKUP(AH42, Hoja4!A:A, Hoja4!B:B) -> 11026985A | AJ42: =H42=AI42 -> TRUE
A43: =IF(X43="",(TODAY()-C43),(X43-C43)) -> 6159 | B43: PP00013-1 | C43: 38547 | D43: Approved 2022 | E43: TGA | F43: Angstrom | G43: Mexico | H43: ET008-50 | I43: BluSeal | J43: =IF(E43="KTG","KTG",(VLOOKUP(I43,'[1]list of outsource'!B:H,2,0))) -> #N/A | K43: D000069 | M43: ET008-50 | N43: BluSeal | U43: 2 | W43: Initial Submission | X43: 44706 | Y43: 44830 | AE43: =LEFT(M43, FIND(" ", M43 & " ") - 1) -> ET008-50 | AF43: =_xlfn.XLOOKUP(AE43, Hoja2!A:A, Hoja2!A:A) -> ET008-50 | AG43: =LEFT(B43, FIND(" ", B43 & " ") - 1) -> PP00013-1 | AH43: =_xlfn.XLOOKUP(AG43, Hoja3!A:A, Hoja3!B:B) -> 71 | AI43: =_xlfn.XLOOKUP(AH43, Hoja4!A:A, Hoja4!B:B) -> ET008-50 | AJ43: =H43=AI43 -> TRUE
A44: =IF(X44="",(TODAY()-C44),(X44-C44)) -> 6090 | B44: PP00015-1 | C44: 38547 | D44: Approved 2022 | E44: UPM | F44: Meissner | G44: Germany | H44: 012538 | I44: ET00 | J44: =IF(E44="KTG","KTG",(VLOOKUP(I44,'[1]list of outsource'!B:H,2,0))) -> Woer | K44: D000002 | M44: P000030 | N44: ET00 SWS135-55PXV000, 3.2/1.6-Black | U44: 1 | W44: Initial Submission | X44: 44637 | Y44: 44776 | AE44: =LEFT(M44, FIND(" ", M44 & " ") - 1) -> P000030 | AF44: =_xlfn.XLOOKUP(AE44, Hoja2!A:A, Hoja2!A:A) -> P000030 | AG44: =LEFT(B44, FIND(" ", B44 & " ") - 1) -> PP00015-1 | AH44: =_xlfn.XLOOKUP(AG44, Hoja3!A:A, Hoja3!B:B) -> #N/A
A45: =IF(X45="",(TODAY()-C45),(X45-C45)) -> 6199 | B45: PP00017-2 | C45: 38547 | D45: Approved 2022 | E45: UPM | F45: Lear | G45: Morocco | H45: E26459700 | I45: ET10 | J45: =IF(E45="KTG","KTG",(VLOOKUP(I45,'[1]list of outsource'!B:H,2,0))) -> UPM | K45: D000004 | M45: P000043 | N45: ET10-12.0/3.0-BK-50mm | U45: 2 | W45: Annual Validation | X45: 44746 | Y45: 44748 | AE45: =LEFT(M45, FIND(" ", M45 & " ") - 1) -> P000043 | AF45: =_xlfn.XLOOKUP(AE45, Hoja2!A:A, Hoja2!A:A) -> P000043 | AG45: =LEFT(B45, FIND(" ", B45 & " ") - 1) -> PP00017-2 | AH45: =_xlfn.XLOOKUP(AG45, Hoja3!A:A, Hoja3!B:B) -> 5248 | AI45: =_xlfn.XLOOKUP(AH45, Hoja4!A:A, Hoja4!B:B) -> E26459700 | AJ45: =H45=AI45 -> TRUE
A46: =IF(X46="",(TODAY()-C46),(X46-C46)) -> 6147 | B46: PP00016-1 | C46: 38546 | D46: Approved 2022 | E46: UPM | F46: Lear | G46: North America | H46: E33300300 | I46: ET22 | J46: =IF(E46="KTG","KTG",(VLOOKUP(I46,'[1]list of outsource'!B:H,2,0))) -> UPM | K46: D000030 | M46: P000053 | N46: ET22 DWS125-40PXYEVH, 18.3/4.5-50mm BLK | U46: 2 | W46: Initial Submission | X46: 44693 | Y46: 44720 | AE46: =LEFT(M46, FIND(" ", M46 & " ") - 1) -> P000053 | AF46: =_xlfn.XLOOKUP(AE46, Hoja2!A:A, Hoja2!A:A) -> P000053 | AG46: =LEFT(B46, FIND(" ", B46 & " ") - 1) -> PP00016-1 | AH46: =_xlfn.XLOOKUP(AG46, Hoja3!A:A, Hoja3!B:B) -> 5244 | AI46: =_xlfn.XLOOKUP(AH46, Hoja4!A:A, Hoja4!B:B) -> E33300300 | AJ46: =H46=AI46 -> TRUE
A47: =IF(X47="",(TODAY()-C47),(X47-C47)) -> 6147 | B47: PP00016-2 | C47: 38546 | D47: Approved 2022 | E47: UPM | F47: Lear | G47: North America | H47: E33301100 | I47: ET22 | J47: =IF(E47="KTG","KTG",(VLOOKUP(I47,'[1]list of outsource'!B:H,2,0))) -> UPM | K47: D000030 | M47: P000106 | N47: ET22 DWS125-40PXYEVH, 5.7/1.3-50mm BLK | U47: 2 | W47: Initial Submission | X47: 44693 | Y47: 44713 | AE47: =LEFT(M47, FIND(" ", M47 & " ") - 1) -> P000106 | AF47: =_xlfn.XLOOKUP(AE47, Hoja2!A:A, Hoja2!A:A) -> P000106 | AG47: =LEFT(B47, FIND(" ", B47 & " ") - 1) -> PP00016-2 | AH47: =_xlfn.XLOOKUP(AG47, Hoja3!A:A, Hoja3!B:B) -> 5245 | AI47: =_xlfn.XLOOKUP(AH47, Hoja4!A:A, Hoja4!B:B) -> E33301100 | AJ47: =H47=AI47 -> TRUE
A48: =IF(X48="",(TODAY()-C48),(X48-C48)) -> 6147 | B48: PP00016-3 | C48: 38546 | D48: Approved 2022 | E48: UPM | F48: Lear | G48: North America | H48: E34284700 | I48: ET22 | J48: =IF(E48="KTG","KTG",(VLOOKUP(I48,'[1]list of outsource'!B:H,2,0))) -> UPM | K48: D000030 | M48: P000121 | N48: ET22 DWS125-40PXYEVH, 7.5/1.7-50mm BLK | U48: 2 | W48: Initial Submission | X48: 44693 | Y48: 44700 | AE48: =LEFT(M48, FIND(" ", M48 & " ") - 1) -> P000121 | AF48: =_xlfn.XLOOKUP(AE48, Hoja2!A:A, Hoja2!A:A) -> P000121 | AG48: =LEFT(B48, FIND(" ", B48 & " ") - 1) -> PP00016-3 | AH48: =_xlfn.XLOOKUP(AG48, Hoja3!A:A, Hoja3!B:B) -> 5246 | AI48: =_xlfn.XLOOKUP(AH48, Hoja4!A:A, Hoja4!B:B) -> E34284700 | AJ48: =H48=AI48 -> TRUE
A49: =IF(X49="",(TODAY()-C49),(X49-C49)) -> 6161 | B49: PP00018-1 | C49: 38546 | D49: Approved 2022 | E49: UPM | F49: Lear | G49: North America | H49: E34285300 | I49: ET22 | J49: =IF(E49="KTG","KTG",(VLOOKUP(I49,'[1]list of outsource'!B:H,2,0))) -> UPM | K49: D000030 | M49: P000124 | N49: ET22 DWS125-40PXYEVH, 11.0/2.4-50mm- BLK | U49: 2 | W49: Initial Submission | X49: 44707 | Y49: 44719 | AE49: =LEFT(M49, FIND(" ", M49 & " ") - 1) -> P000124 | AF49: =_xlfn.XLOOKUP(AE49, Hoja2!A:A, Hoja2!A:A) -> P000124 | AG49: =LEFT(B49, FIND(" ", B49 & " ") - 1) -> PP00018-1 | AH49: =_xlfn.XLOOKUP(AG49, Hoja3!A:A, Hoja3!B:B) -> 5249 | AI49: =_xlfn.XLOOKUP(AH49, Hoja4!A:A, Hoja4!B:B) -> E34285300 | AJ49: =H49=AI49 -> TRUE
A50: =IF(X50="",(TODAY()-C50),(X50-C50)) -> 6249 | B50: PP00018-10 | C50: 38547 | D50: Approved 2022 | E50: UPM | F50: Lear | G50: North America | H50: E35081800 | I50: ET14 | J50: =IF(E50="KTG","KTG",(VLOOKUP(I50,'[1]list of outsource'!B:H,2,0))) -> UPM | K50: D000008 | M50: P000049 | N50: ET14-5.7/1.3-35MM-BLK | U50: 2 | W50: Initial Submission | X50: 44796 | Y50: 44811 | AE50: =LEFT(M50, FIND(" ", M50 & " ") - 1) -> P000049 | AF50: =_xlfn.XLOOKUP(AE50, Hoja2!A:A, Hoja2!A:A) -> P000049 | AG50: =LEFT(B50, FIND(" ", B50 & " ") - 1) -> PP00018-10 | AH50: =_xlfn.XLOOKUP(AG50, Hoja3!A:A, Hoja3!B:B) -> 5250 | AI50: =_xlfn.XLOOKUP(AH50, Hoja4!A:A, Hoja4!B:B) -> E35081800 | AJ50: =H50=AI50 -> TRUE
A51: =IF(X51="",(TODAY()-C51),(X51-C51)) -> 6252 | B51: PP00018-11 | C51: 38547 | D51: Approved 2022 | E51: UPM | F51: Lear | G51: North America | H51: E35099100 | I51: ET14 | J51: =IF(E51="KTG","KTG",(VLOOKUP(I51,'[1]list of outsource'!B:H,2,0))) -> UPM | K51: D000008 | M51: P000150 | N51: ET14-3.2/1.0-22MM-BLK | U51: 2 | W51: Initial Submission | X51: 44799 | Y51: 44832 | AE51: =LEFT(M51, FIND(" ", M51 & " ") - 1) -> P000150 | AF51: =_xlfn.XLOOKUP(AE51, Hoja2!A:A, Hoja2!A:A) -> P000150 | AG51: =LEFT(B51, FIND(" ", B51 & " ") - 1) -> PP00018-11 | AH51: =_xlfn.XLOOKUP(AG51, Hoja3!A:A, Hoja3!B:B) -> 5251 | AI51: =_xlfn.XLOOKUP(AH51, Hoja4!A:A, Hoja4!B:B) -> E35099100 | AJ51: =H51=AI51 -> TRUE
A52: =IF(X52="",(TODAY()-C52),(X52-C52)) -> 6251 | B52: PP00018-12 | C52: 38546 | D52: Approved 2022 | E52: UPM | F52: Lear | G52: North America | H52: E34427900 | I52: ET22 | J52: =IF(E52="KTG","KTG",(VLOOKUP(I52,'[1]list of outsource'!B:H,2,0))) -> UPM | K52: D000030 | M52: P000126 | N52: ET22-4.0/1.0-50MM-BLK | U52: 2 | W52: Initial Submission | X52: 44797 | Y52: 44798 | AE52: =LEFT(M52, FIND(" ", M52 & " ") - 1) -> P000126 | AF52: =_xlfn.XLOOKUP(AE52, Hoja2!A:A, Hoja2!A:A) -> P000126 | AG52: =LEFT(B52, FIND(" ", B52 & " ") - 1) -> PP00018-12 | AH52: =_xlfn.XLOOKUP(AG52, Hoja3!A:A, Hoja3!B:B) -> 5252 | AI52: =_xlfn.XLOOKUP(AH52, Hoja4!A:A, Hoja4!B:B) -> E34427900 | AJ52: =H52=AI52 -> TRUE
A53: =IF(X53="",(TODAY()-C53),(X53-C53)) -> 6256 | B53: PP00018-13 | C53: 38547 | D53: Approved 2022 | E53: UPM | F53: Lear | G53: North America | H53: E35924800 | I53: ET00 | J53: =IF(E53="KTG","KTG",(VLOOKUP(I53,'[1]list of outsource'!B:H,2,0))) -> Woer | K53: D000002 | M53: P000233 | N53: ET00-2.4/1.2-25MM-BLK | U53: 2 | W53: Initial Submission | X53: 44803 | Y53: 44838 | AE53: =LEFT(M53, FIND(" ", M53 & " ") - 1) -> P000233 | AF53: =_xlfn.XLOOKUP(AE53, Hoja2!A:A, Hoja2!A:A) -> P000233 | AG53: =LEFT(B53, FIND(" ", B53 & " ") - 1) -> PP00018-13 | AH53: =_xlfn.XLOOKUP(AG53, Hoja3!A:A, Hoja3!B:B) -> 5253 | AI53: =_xlfn.XLOOKUP(AH53, Hoja4!A:A, Hoja4!B:B) -> E35924800 | AJ53: =H53=AI53 -> TRUE
A54: =IF(X54="",(TODAY()-C54),(X54-C54)) -> 6256 | B54: PP00018-14 | C54: 38547 | D54: Approved 2022 | E54: UPM | F54: Lear | G54: North America | H54: E35924700 | I54: ET00 | J54: =IF(E54="KTG","KTG",(VLOOKUP(I54,'[1]list of outsource'!B:H,2,0))) -> Woer | K54: D000002 | M54: P000234 | N54: ET00-4.8/2.4-25MM-BLK | U54: 2 | W54: Initial Submission | X54: 44803 | Y54: 44838 | AE54: =LEFT(M54, FIND(" ", M54 & " ") - 1) -> P000234 | AF54: =_xlfn.XLOOKUP(AE54, Hoja2!A:A, Hoja2!A:A) -> P000234 | AG54: =LEFT(B54, FIND(" ", B54 & " ") - 1) -> PP00018-14 | AH54: =_xlfn.XLOOKUP(AG54, Hoja3!A:A, Hoja3!B:B) -> 5254 | AI54: =_xlfn.XLOOKUP(AH54, Hoja4!A:A, Hoja4!B:B) -> E35924700 | AJ54: =H54=AI54 -> TRUE
A55: =IF(X55="",(TODAY()-C55),(X55-C55)) -> 6264 | B55: PP00018-15 | C55: 38547 | D55: Approved 2022 | E55: UPM | F55: Lear | G55: North America | H55: E34875500 | I55: ET17 | J55: =IF(E55="KTG","KTG",(VLOOKUP(I55,'[1]list of outsource'!B:H,2,0))) -> UPM | K55: D000027 | M55: P000143 | N55: ET17-17.8/4.4-50MM-BLK | U55: 2 | W55: Initial Submission | X55: 44811 | Y55: 44811 | AE55: =LEFT(M55, FIND(" ", M55 & " ") - 1) -> P000143 | AF55: =_xlfn.XLOOKUP(AE55, Hoja2!A:A, Hoja2!A:A) -> P000143 | AG55: =LEFT(B55, FIND(" ", B55 & " ") - 1) -> PP00018-15 | AH55: =_xlfn.XLOOKUP(AG55, Hoja3!A:A, Hoja3!B:B) -> 5255 | AI55: =_xlfn.XLOOKUP(AH55, Hoja4!A:A, Hoja4!B:B) -> E34875500 | AJ55: =H55=AI55 -> TRUE
A56: =IF(X56="",(TODAY()-C56),(X56-C56)) -> 6259 | B56: PP00018-16 | C56: 38546 | D56: Approved 2022 | E56: UPM | F56: Lear | G56: North America | H56: E34991700 | I56: ET22 | J56: =IF(E56="KTG","KTG",(VLOOKUP(I56,'[1]list of outsource'!B:H,2,0))) -> UPM | K56: D000030 | M56: P000146 | N56: ET22-18.3/4.5-65MM-BLK | U56: 2 | W56: Initial Submission | X56: 44805 | Y56: 44811 | AE56: =LEFT(M56, FIND(" ", M56 & " ") - 1) -> P000146 | AF56: =_xlfn.XLOOKUP(AE56, Hoja2!A:A, Hoja2!A:A) -> P000146 | AG56: =LEFT(B56, FIND(" ", B56 & " ") - 1) -> PP00018-16 | AH56: =_xlfn.XLOOKUP(AG56, Hoja3!A:A, Hoja3!B:B) -> 5256 | AI56: =_xlfn.XLOOKUP(AH56, Hoja4!A:A, Hoja4!B:B) -> E34991700 | AJ56: =H56=AI56 -> TRUE
... A73: =IF(X73="",(TODAY()-C73),(X73-C73)) -> 6308 | B73: PP00018-31 | C73: 38547 | D73: Approved 2022 | E73: UPM | F73: Lear | G73: North America | H73: E35081900 | I73: ET14 | J73: =IF(E73="KTG","KTG",(VLOOKUP(I73,'[1]list of outsource'!B:H,2,0))) -> UPM | K73: D000008 | M73: P000125 | N73: ET14-3.2/1.0-35MM-BLK | U73: 2 | W73: Initial Submission | X73: 44855 | Y73: 44855 | AE73: =LEFT(M73, FIND(" ", M73 & " ") - 1) -> P000125 | AF73: =_xlfn.XLOOKUP(AE73, Hoja2!A:A, Hoja2!A:A) -> P000125 | AG73: =LEFT(B73, FIND(" ", B73 & " ") - 1) -> PP00018-31 | AH73: =_xlfn.XLOOKUP(AG73, Hoja3!A:A, Hoja3!B:B) -> 5273 | AI73: =_xlfn.XLOOKUP(AH73, Hoja4!A:A, Hoja4!B:B) -> E35081900 | AJ73: =H73=AI73 -> TRUE
A74: =IF(X74="",(TODAY()-C74),(X74-C74)) -> 6309 | B74: PP00018-32 | C74: 38546 | D74: Approved 2022 | E74: UPM | F74: Lear | G74: North America | H74: E35798800 | I74: ET22 | J74: =IF(E74="KTG","KTG",(VLOOKUP(I74,'[1]list of outsource'!B:H,2,0))) -> UPM | K74: D000030 | M74: P000192 | N74: ET22-14.0/3.0-200MM-BLK | U74: 2 | W74: Initial Submission | X74: 44855 | Y74: 44855 | AE74: =LEFT(M74, FIND(" ", M74 & " ") - 1) -> P000192 | AF74: =_xlfn.XLOOKUP(AE74, Hoja2!A:A, Hoja2!A:A) -> #N/A
A75: =IF(X75="",(TODAY()-C75),(X75-C75)) -> 6326 | B75: PP00018-33 | C75: 38547 | D75: Approved 2022 | E75: UPM | F75: Lear | G75: North America | H75: E35246300 | I75: ET00 | J75: =IF(E75="KTG","KTG",(VLOOKUP(I75,'[1]list of outsource'!B:H,2,0))) -> Woer | K75: D000002 | M75: P000170 | N75: ET00-1.6/0.8-BLK(Spool) | U75: 2 | W75: Initial Submission | X75: 44873 | Y75: 44873 | AE75: =LEFT(M75, FIND(" ", M75 & " ") - 1) -> P000170 | AF75: =_xlfn.XLOOKUP(AE75, Hoja2!A:A, Hoja2!A:A) -> P000170 | AG75: =LEFT(B75, FIND(" ", B75 & " ") - 1) -> PP00018-33 | AH75: =_xlfn.XLOOKUP(AG75, Hoja3!A:A, Hoja3!B:B) -> 5275 | AI75: =_xlfn.XLOOKUP(AH75, Hoja4!A:A, Hoja4!B:B) -> E35246300 | AJ75: =H75=AI75 -> TRUE
A76: =IF(X76="",(TODAY()-C76),(X76-C76)) -> 6322 | B76: PP00018-34 | C76: 38547 | D76: Approved 2022 | E76: ETC | F76: Lear | G76: North America | H76: E35100000 | I76: ET86 | J76: =IF(E76="KTG","KTG",(VLOOKUP(I76,'[1]list of outsource'!B:H,2,0))) -> ETC | K76: D000064 | M76: P000162 | N76: ET86-7.6/1.7-65MM-BLK | U76: 2 | W76: Initial Submission | X76: 44869 | Y76: 44869 | AE76: =LEFT(M76, FIND(" ", M76 & " ") - 1) -> P000162 | AF76: =_xlfn.XLOOKUP(AE76, Hoja2!A:A, Hoja2!A:A) -> P000162 | AG76: =LEFT(B76, FIND(" ", B76 & " ") - 1) -> PP00018-34 | AH76: =_xlfn.XLOOKUP(AG76, Hoja3!A:A, Hoja3!B:B) -> 5276 | AI76: =_xlfn.XLOOKUP(AH76, Hoja4!A:A, Hoja4!B:B) -> E35100000 | AJ76: =H76=AI76 -> TRUE
A77: =IF(X77="",(TODAY()-C77),(X77-C77)) -> 6328 | B77: PP00018-35 | C77: 38547 | D77: Approved 2022 | E77: ETC | F77: Lear | G77: North America | H77: E35099600 | I77: ET86 | J77: =IF(E77="KTG","KTG",(VLOOKUP(I77,'[1]list of outsource'!B:H,2,0))) -> ETC | K77: D000064 | M77: P000158 | N77: ET86-5.0/1.3-65MM-BLK | U77: 2 | W77: Initial Submission | X77: 44875 | Y77: 44875 | AE77: =LEFT(M77, FIND(" ", M77 & " ") - 1) -> P000158 | AF77: =_xlfn.XLOOKUP(AE77, Hoja2!A:A, Hoja2!A:A) -> P000158 | AG77: =LEFT(B77, FIND(" ", B77 & " ") - 1) -> PP00018-35 | AH77: =_xlfn.XLOOKUP(AG77, Hoja3!A:A, Hoja3!B:B) -> 5277 | AI77: =_xlfn.XLOOKUP(AH77, Hoja4!A:A, Hoja4!B:B) -> E35099600 | AJ77: =H77=AI77 -> TRUE
A78: =IF(X78="",(TODAY()-C78),(X78-C78)) -> 6328 | B78: PP00018-36 | C78: 38547 | D78: Approved 2022 | E78: ETC | F78: Lear | G78: North America | H78: E35099700 | I78: ET86 | J78: =IF(E78="KTG","KTG",(VLOOKUP(I78,'[1]list of outsource'!B:H,2,0))) -> ETC | K78: D000064 | M78: P000159 | N78: ET86-7.6/1.7-27MM-BLK | U78: 2 | W78: Initial Submission | X78: 44875 | Y78: 44875 | AE78: =LEFT(M78, FIND(" ", M78 & " ") - 1) -> P000159 | AF78: =_xlfn.XLOOKUP(AE78, Hoja2!A:A, Hoja2!A:A) -> P000159 | AG78: =LEFT(B78, FIND(" ", B78 & " ") - 1) -> PP00018-36 | AH78: =_xlfn.XLOOKUP(AG78, Hoja3!A:A, Hoja3!B:B) -> 5278 | AI78: =_xlfn.XLOOKUP(AH78, Hoja4!A:A, Hoja4!B:B) -> E35099700 | AJ78: =H78=AI78 -> TRUE
A79: =IF(X79="",(TODAY()-C79),(X79-C79)) -> 6249 | B79: PP00020-1 | C79: 38547 | D79: Approved 2022 | E79: UPM | F79: PKC | G79: Europe | H79: GP088846 | I79: ET11 | J79: =IF(E79="KTG","KTG",(VLOOKUP(I79,'[1]list of outsource'!B:H,2,0))) -> UPM | K79: D000005 | M79: P000026 | N79: ET11-12.0/3.0-SP-BLK | U79: 2 | W79: Initial Submission | X79: 44796 | Y79: 44804 | AE79: =LEFT(M79, FIND(" ", M79 & " ") - 1) -> P000026 | AF79: =_xlfn.XLOOKUP(AE79, Hoja2!A:A, Hoja2!A:A) -> P000026 | AG79: =LEFT(B79, FIND(" ", B79 & " ") - 1) -> PP00020-1 | AH79: 5559 | AI79: =_xlfn.XLOOKUP(AH79, Hoja4!A:A, Hoja4!B:B) -> GP088846 | AJ79: =H79=AI79 -> TRUE
A80: =IF(X80="",(TODAY()-C80),(X80-C80)) -> 6229 | B80: PP00020-2 | C80: 38547 | D80: Approved 2022 | E80: UPM | F80: PKC | G80: Europe | H80: GP089792 | I80: ET15 | J80: =IF(E80="KTG","KTG",(VLOOKUP(I80,'[1]list of outsource'!B:H,2,0))) -> UPM | K80: D000009 | M80: P000032 | N80: ET15-4.0/1.0-35MM-CLR | U80: 2 | W80: Initial Submission | X80: 44776 | Y80: 44781 | AE80: =LEFT(M80, FIND(" ", M80 & " ") - 1) -> P000032 | AF80: =_xlfn.XLOOKUP(AE80, Hoja2!A:A, Hoja2!A:A) -> P000032 | AG80: =LEFT(B80, FIND(" ", B80 & " ") - 1) -> PP00020-2 | AH80: 5560 | AI80: =_xlfn.XLOOKUP(AH80, Hoja4!A:A, Hoja4!B:B) -> GP089792 | AJ80: =H80=AI80 -> TRUE
A81: =IF(X81="",(TODAY()-C81),(X81-C81)) -> 6229 | B81: PP00020-3 | C81: 38547 | D81: Approved 2022 | E81: UPM | F81: PKC | G81: Europe | H81: GP089790 | I81: ET15 | J81: =IF(E81="KTG","KTG",(VLOOKUP(I81,'[1]list of outsource'!B:H,2,0))) -> UPM | K81: D000009 | M81: P000033 | N81: ET15-9.5/1.5-45MM-CLR | U81: 2 | W81: Initial Submission | X81: 44776 | Y81: 44781 | AE81: =LEFT(M81, FIND(" ", M81 & " ") - 1) -> P000033 | AF81: =_xlfn.XLOOKUP(AE81, Hoja2!A:A, Hoja2!A:A) -> P000033 | AG81: =LEFT(B81, FIND(" ", B81 & " ") - 1) -> PP00020-3 | AH81: =_xlfn.XLOOKUP(AG81, Hoja3!A:A, Hoja3!B:B) -> 5561 | AI81: =_xlfn.XLOOKUP(AH81, Hoja4!A:A, Hoja4!B:B) -> GP089790 | AJ81: =H81=AI81 -> TRUE
A82: =IF(X82="",(TODAY()-C82),(X82-C82)) -> 6249 | B82: PP00020-4 | C82: 38547 | D82: Approved 2022 | E82: UPM | F82: PKC | G82: Europe | H82: GP089418 | I82: ET18 | J82: =IF(E82="KTG","KTG",(VLOOKUP(I82,'[1]list of outsource'!B:H,2,0))) -> UPM | K82: D000040 | M82: P100360 | N82: ET18-7.5/1.7-50MM-CLR | U82: 2 | W82: Initial Submission | X82: 44796 | Y82: 44804 | AE82: =LEFT(M82, FIND(" ", M82 & " ") - 1) -> P100360 | AF82: =_xlfn.XLOOKUP(AE82, Hoja2!A:A, Hoja2!A:A) -> #N/A
A83: =IF(X83="",(TODAY()-C83),(X83-C83)) -> 6249 | B83: PP00020-5 | C83: 38547 | D83: Approved 2022 | E83: UPM | F83: PKC | G83: Europe | H83: GP089367 | I83: ET18 | J83: =IF(E83="KTG","KTG",(VLOOKUP(I83,'[1]list of outsource'!B:H,2,0))) -> UPM | K83: D000040 | M83: P100362 | N83: ET18-11.0/2.4-65MM-CLR | U83: 2 | W83: Initial Submission | X83: 44796 | Y83: 44804 | AE83: =LEFT(M83, FIND(" ", M83 & " ") - 1) -> P100362 | AF83: =_xlfn.XLOOKUP(AE83, Hoja2!A:A, Hoja2!A:A) -> #N/A
A84: =IF(X84="",(TODAY()-C84),(X84-C84)) -> 6249 | B84: PP00020-6 | C84: 38547 | D84: Approved 2022 | E84: UPM | F84: PKC | G84: Europe | H84: GP089443 | I84: ET18 | J84: =IF(E84="KTG","KTG",(VLOOKUP(I84,'[1]list of outsource'!B:H,2,0))) -> UPM | K84: D000040 | M84: P100364 | N84: ET18-14.0/3.0-65MM-CLR | U84: 2 | W84: Initial Submission | X84: 44796 | Y84: 44804 | AE84: =LEFT(M84, FIND(" ", M84 & " ") - 1) -> P100364 | AF84: =_xlfn.XLOOKUP(AE84, Hoja2!A:A, Hoja2!A:A) -> #N/A
A85: =IF(X85="",(TODAY()-C85),(X85-C85)) -> 6206 | B85: PP00021-1 | C85: 38547 | D85: Approved 2022 | E85: TGA | F85: Lear | G85: Europe | H85: E66699500 | I85: BluSeal | J85: =IF(E85="KTG","KTG",(VLOOKUP(I85,'[1]list of outsource'!B:H,2,0))) -> #N/A | K85: D000069 | M85: ET008-50 | N85: BluSeal | U85: 2 | W85: Initial Submission | X85: 44753 | Y85: 44951 | AE85: =LEFT(M85, FIND(" ", M85 & " ") - 1) -> ET008-50 | AF85: =_xlfn.XLOOKUP(AE85, Hoja2!A:A, Hoja2!A:A) -> ET008-50 | AG85: =LEFT(B85, FIND(" ", B85 & " ") - 1) -> PP00021-1 | AH85: =_xlfn.XLOOKUP(AG85, Hoja3!A:A, Hoja3!B:B) -> 5296 | AI85: =_xlfn.XLOOKUP(AH85, Hoja4!A:A, Hoja4!B:B) -> E66699500 | AJ85: =H85=AI85 -> TRUE
A86: =IF(X86="",(TODAY()-C86),(X86-C86)) -> 6349 | B86: PP00024-01 | C86: 38547 | D86: Approved 2022 | E86: UPM | F86: Lear EU | G86: Europe | H86: E36091300 | I86: ET10 | J86: =IF(E86="KTG","KTG",(VLOOKUP(I86,'[1]list of outsource'!B:H,2,0))) -> UPM | K86: D000004 | M86: P000198 | N86: ET10-12.0/3.0-35MM-BLK | U86: 2 | W86: Initial Submission | X86: 44896 | Y86: 44915 | AE86: =LEFT(M86, FIND(" ", M86 & " ") - 1) -> P000198 | AF86: =_xlfn.XLOOKUP(AE86, Hoja2!A:A, Hoja2!A:A) -> P000198 | AG86: =LEFT(B86, FIND(" ", B86 & " ") - 1) -> PP00024-01 | AH86: =_xlfn.XLOOKUP(AG86, Hoja3!A:A, Hoja3!B:B) -> 4498 | AI86: =_xlfn.XLOOKUP(AH86, Hoja4!A:A, Hoja4!B:B) -> E36091300 | AJ86: =H86=AI86 -> TRUE
A87: =IF(X87="",(TODAY()-C87),(X87-C87)) -> 6003 | B87: PP00011-1 | C87: 38547 | D87: PSW Pending Approve | E87: KTG | F87: Nexans | G87: Mexico | H87: 95850332 | I87: RO | J87: =IF(E87="KTG","KTG",(VLOOKUP(I87,'[1]list of outsource'!B:H,2,0))) -> KTG | K87: RO 001 | M87: E101703 | N87: CYG-DWT-RO(4005)-18.3-BK-75 | U87: 1 | W87: Tooling | X87: 44550 | AE87: =LEFT(M87, FIND(" ", M87 & " ") - 1) -> E101703 | AF87: =_xlfn.XLOOKUP(AE87, Hoja2!A:A, Hoja2!A:A) -> E101703 | AG87: =LEFT(B87, FIND(" ", B87 & " ") - 1) -> PP00011-1 | AH87: =_xlfn.XLOOKUP(AG87, Hoja3!A:A, Hoja3!B:B) -> 105 | AI87: =_xlfn.XLOOKUP(AH87, Hoja4!A:A, Hoja4!B:B) -> 95850332 | AJ87: =H87=AI87 -> TRUE
A88: =IF(X88="",(TODAY()-C88),(X88-C88)) -> 6003 | B88: PP00011-2 | C88: 38547 | D88: PSW Pending Approve | E88: KTG | F88: Nexans | G88: Mexico | H88: 95850007 | I88: RO | J88: =IF(E88="KTG","KTG",(VLOOKUP(I88,'[1]list of outsource'!B:H,2,0))) -> KTG | K88: RO 001 | M88: E101701 | N88: CYG-DWT-RO(4005)-18.3-BK-150 | U88: 1 | W88: Tooling | X88: 44550 | AE88: =LEFT(M88, FIND(" ", M88 & " ") - 1) -> E101701 | AF88: =_xlfn.XLOOKUP(AE88, Hoja2!A:A, Hoja2!A:A) -> E101701 | AG88: =LEFT(B88, FIND(" ", B88 & " ") - 1) -> PP00011-2 | AH88: =_xlfn.XLOOKUP(AG88, Hoja3!A:A, Hoja3!B:B) -> 103 | AI88: =_xlfn.XLOOKUP(AH88, Hoja4!A:A, Hoja4!B:B) -> 95850007 | AJ88: =H88=AI88 -> TRUE
A89: =IF(X89="",(TODAY()-C89),(X89-C89)) -> 5898 | B89: PP00009-1 | C89: 38547 | D89: PSW Pending Approve | E89: UPM | F89: PKC | G89: Lithuania | H89: GP085283 | I89: ET11 | J89: =IF(E89="KTG","KTG",(VLOOKUP(I89,'[1]list of outsource'!B:H,2,0))) -> UPM | K89: D00005 | M89: P000028 | N89: ET11 DWS125-55PXTEVR, 24/6-Black | U89: 2 | W89: Initial Submission | X89: 44445 | AE89: =LEFT(M89, FIND(" ", M89 & " ") - 1) -> P000028 | AF89: =_xlfn.XLOOKUP(AE89, Hoja2!A:A, Hoja2!A:A) -> P000028 | AG89: =LEFT(B89, FIND(" ", B89 & " ") - 1) -> PP00009-1 | AH89: 5558 | AI89: =_xlfn.XLOOKUP(AH89, Hoja4!A:A, Hoja4!B:B) -> GP085283 | AJ89: =H89=AI89 -> TRUE
A90: =IF(X90="",(TODAY()-C90),(X90-C90)) -> 6146 | B90: PP00017-1 | C90: 38547 | D90: PSW Pending Approve | E90: UPM | F90: Lear | G90: Morocco | H90: E26424100 | I90: ET10 | J90: =IF(E90="KTG","KTG",(VLOOKUP(I90,'[1]list of outsource'!B:H,2,0))) -> UPM | K90: D000004 | M90: P000042 | N90: ET10-8.0/2.0-BK-30mm | U90: 2 | W90: Annual Validation | X90: 44693 | AE90: =LEFT(M90, FIND(" ", M90 & " ") - 1) -> P000042 | AF90: =_xlfn.XLOOKUP(AE90, Hoja2!A:A, Hoja2!A:A) -> P000042 | AG90: =LEFT(B90, FIND(" ", B90 & " ") - 1) -> PP00017-1 | AH90: =_xlfn.XLOOKUP(AG90, Hoja3!A:A, Hoja3!B:B) -> 5247 | AI90: =_xlfn.XLOOKUP(AH90, Hoja4!A:A, Hoja4!B:B) -> E26424100 | AJ90: =H90=AI90 -> TRUE
A91: =IF(X91="",(TODAY()-C91),(X91-C91)) -> 6328 | B91: PP00018-37 | C91: 38547 | D91: Approved 2022 | E91: ETC | F91: Lear | G91: North America | H91: E35100300 | I91: ET86 | J91: =IF(E91="KTG","KTG",(VLOOKUP(I91,'[1]list of outsource'!B:H,2,0))) -> ETC | K91: D000064 | M91: P000164 | N91: ET86-11.5/2.5-65MM-BLK | U91: 2 | W91: Initial Submission | X91: 44875 | Y91: 44875 | AE91: =LEFT(M91, FIND(" ", M91 & " ") - 1) -> P000164 | AF91: =_xlfn.XLOOKUP(AE91, Hoja2!A:A, Hoja2!A:A) -> P000164 | AG91: =LEFT(B91, FIND(" ", B91 & " ") - 1) -> PP00018-37 | AH91: =_xlfn.XLOOKUP(AG91, Hoja3!A:A, Hoja3!B:B) -> 5279 | AI91: =_xlfn.XLOOKUP(AH91, Hoja4!A:A, Hoja4!B:B) -> E35100300 | AJ91: =H91=AI91 -> TRUE
A92: =IF(X92="",(TODAY()-C92),(X92-C92)) -> 6350 | B92: PP00018-38 | C92: 38547 | D92: PSW Pending Approve | E92: UPM | F92: Lear | G92: North America | H92: E35101100 | I92: ET12 | J92: =IF(E92="KTG","KTG",(VLOOKUP(I92,'[1]list of outsource'!B:H,2,0))) -> UPM | K92: D000006 | M92: P000148 | N92: ET12-5.7/1.3-25MM-CLR | U92: 2 | W92: Initial Submission | X92: 44897 | AE92: =LEFT(M92, FIND(" ", M92 & " ") - 1) -> P000148 | AF92: =_xlfn.XLOOKUP(AE92, Hoja2!A:A, Hoja2!A:A) -> P000148 | AG92: =LEFT(B92, FIND(" ", B92 & " ") - 1) -> PP00018-38 | AH92: =_xlfn.XLOOKUP(AG92, Hoja3!A:A, Hoja3!B:B) -> 5280 | AI92: =_xlfn.XLOOKUP(AH92, Hoja4!A:A, Hoja4!B:B) -> E35101100 | AJ92: =H92=AI92 -> TRUE
A93: =IF(X93="",(TODAY()-C93),(X93-C93)) -> 6199 | B93: PP00019-0001 | C93: 38547 | D93: PSW Pending Approve | E93: UPM | F93: Nexans | G93: Mexico | H93: 95821077 | I93: ET10 | J93: =IF(E93="KTG","KTG",(VLOOKUP(I93,'[1]list of outsource'!B:H,2,0))) -> UPM | K93: D000004 | M93: P000076 | N93: ET10-32.0/8.0-100MM-BLK | U93: 2 | W93: Initial Submission | X93: 44746 | AE93: =LEFT(M93, FIND(" ", M93 & " ") - 1) -> P000076 | AF93: =_xlfn.XLOOKUP(AE93, Hoja2!A:A, Hoja2!A:A) -> P000076 | AG93: =LEFT(B93, FIND(" ", B93 & " ") - 1) -> PP00019-0001 | AH93: =_xlfn.XLOOKUP(AG93, Hoja3!A:A, Hoja3!B:B) -> 114 | AI93: =_xlfn.XLOOKUP(AH93, Hoja4!A:A, Hoja4!B:B) -> 95821077 | AJ93: =H93=AI93 -> TRUE
A94: =IF(X94="",(TODAY()-C94),(X94-C94)) -> 6259 | B94: PP00023-0001 | C94: 38547 | D94: PSW Pending Approve | E94: TGA | F94: Gentherm | G94: Germany | H94: - | I94: BluSeal | J94: =IF(E94="KTG","KTG",(VLOOKUP(I94,'[1]list of outsource'!B:H,2,0))) -> #N/A | K94: D000069 | M94: ET008-50 | N94: BluSeal | U94: 2 | W94: Initial Submission | X94: 44806 | AE94: =LEFT(M94, FIND(" ", M94 & " ") - 1) -> ET008-50 | AF94: =_xlfn.XLOOKUP(AE94, Hoja2!A:A, Hoja2!A:A) -> ET008-50 | AG94: =LEFT(B94, FIND(" ", B94 & " ") - 1) -> PP00023-0001 | AH94: =_xlfn.XLOOKUP(AG94, Hoja3!A:A, Hoja3!B:B) -> #N/A
A95: =IF(X95="",(TODAY()-C95),(X95-C95)) -> 5928 | B95: PP00008-01 | C95: 38546 | D95: Approved 2021 | E95: UPM | F95: PKC | G95: Mexico | H95: 2851121 | I95: ET22 | J95: =IF(E95="KTG","KTG",(VLOOKUP(I95,'[1]list of outsource'!B:H,2,0))) -> UPM | K95: D000030 | M95: P000102 | N95: ET22 DWS125-40PXYEVH, 5.7/1.3-75mm Black | U95: 2 | W95: Initial Submission | X95: 44474 | Y95: 44475 | AE95: =LEFT(M95, FIND(" ", M95 & " ") - 1) -> P000102 | AF95: =_xlfn.XLOOKUP(AE95, Hoja2!A:A, Hoja2!A:A) -> P000102 | AG95: =LEFT(B95, FIND(" ", B95 & " ") - 1) -> PP00008-01 | AH95: =_xlfn.XLOOKUP(AG95, Hoja3!A:A, Hoja3!B:B) -> 5554 | AI95: =_xlfn.XLOOKUP(AH95, Hoja4!A:A, Hoja4!B:B) -> 2851121 | AJ95: =H95=AI95 -> TRUE
A96: =IF(X96="",(TODAY()-C96),(X96-C96)) -> 5928 | B96: PP00008-02 | C96: 38546 | D96: Approved 2021 | E96: UPM | F96: PKC | G96: Mexico | H96: 2851122 | I96: ET22 | J96: =IF(E96="KTG","KTG",(VLOOKUP(I96,'[1]list of outsource'!B:H,2,0))) -> UPM | K96: D000030 | M96: P000103 | N96: ET22 DWS125-40PXYEVH, 7.5/1.7-75mm Black | U96: 2 | W96: Initial Submission | X96: 44474 | Y96: 44475 | AE96: =LEFT(M96, FIND(" ", M96 & " ") - 1) -> P000103 | AF96: =_xlfn.XLOOKUP(AE96, Hoja2!A:A, Hoja2!A:A) -> P000103 | AG96: =LEFT(B96, FIND(" ", B96 & " ") - 1) -> PP00008-02 | AH96: =_xlfn.XLOOKUP(AG96, Hoja3!A:A, Hoja3!B:B) -> 5556 | AI96: =_xlfn.XLOOKUP(AH96, Hoja4!A:A, Hoja4!B:B) -> 2851122 | AJ96: =H96=AI96 -> TRUE
A97: =IF(X97="",(TODAY()-C97),(X97-C97)) -> 5983 | B97: PP00012-01 | C97: 38546 | D97: PSW Pending Approve | E97: UPM | F97: CEMM | G97: Mexico | H97: GAT125 | I97: ET22 | J97: =IF(E97="KTG","KTG",(VLOOKUP(I97,'[1]list of outsource'!B:H,2,0))) -> UPM | K97: D000030 | M97: P000109 | N97: ET22 DWS125-40PXYEVH, 7.5/1.7-35mm BLK | U97: 2 | W97: Initial Submission | X97: 44529 | AE97: =LEFT(M97, FIND(" ", M97 & " ") - 1) -> P000109 | AF97: =_xlfn.XLOOKUP(AE97, Hoja2!A:A, Hoja2!A:A) -> P000109 | AG97: =LEFT(B97, FIND(" ", B97 & " ") - 1) -> PP00012-01 | AH97: =_xlfn.XLOOKUP(AG97, Hoja3!A:A, Hoja3!B:B) -> 4045 | AI97: =_xlfn.XLOOKUP(AH97, Hoja4!A:A, Hoja4!B:B) -> GAT125 | AJ97: =H97=AI97 -> TRUE
A98: =IF(X98="",(TODAY()-C98),(X98-C98)) -> 5983 | B98: PP00012-02 | C98: 38546 | D98: PSW Pending Approve | E98: UPM | F98: CEMM | G98: Mexico | H98: GAT101 | I98: ET22 | J98: =IF(E98="KTG","KTG",(VLOOKUP(I98,'[1]list of outsource'!B:H,2,0))) -> UPM | K98: D000030 | M98: P000116 | N98: ET22 DWS125-40PXYEVH, 5.7/1.3-20mm BLK | U98: 2 | W98: Initial Submission | X98: 44529 | AE98: =LEFT(M98, FIND(" ", M98 & " ") - 1) -> P000116 | AF98: =_xlfn.XLOOKUP(AE98, Hoja2!A:A, Hoja2!A:A) -> #N/A
A99: =IF(X99="",(TODAY()-C99),(X99-C99)) -> 5983 | B99: PP00012-03 | C99: 38546 | D99: PSW Pending Approve | E99: UPM | F99: CEMM | G99: Mexico | H99: GAT023 | I99: ET22 | J99: =IF(E99="KTG","KTG",(VLOOKUP(I99,'[1]list of outsource'!B:H,2,0))) -> UPM | K99: D000030 | M99: P000117 | N99: ET22 DWS125-40PXYEVH, 5.7/1.3-35mm BLK | U99: 2 | W99: Initial Submission | X99: 44529 | AE99: =LEFT(M99, FIND(" ", M99 & " ") - 1) -> P000117 | AF99: =_xlfn.XLOOKUP(AE99, Hoja2!A:A, Hoja2!A:A) -> P000117 | AG99: =LEFT(B99, FIND(" ", B99 & " ") - 1) -> PP00012-03 | AH99: =_xlfn.XLOOKUP(AG99, Hoja3!A:A, Hoja3!B:B) -> 4046 | AI99: =_xlfn.XLOOKUP(AH99, Hoja4!A:A, Hoja4!B:B) -> GAT023 | AJ99: =H99=AI99 -> TRUE
A100: =IF(X100="",(TODAY()-C100),(X100-C100)) -> 5928 | B100: PP00008-01 | C100: 38546 | D100: Approved 2021 | E100: UPM | F100: PKC | G100: Mexico | H100: 2851121 | I100: ET22 | J100: =IF(E100="KTG","KTG",(VLOOKUP(I100,'[1]list of outsource'!B:H,2,0))) -> UPM | K100: D000030 | M100: P000102 | N100: ET22 DWS125-40PXYEVH, 5.7/1.3-75mm Black | U100: 2 | W100: Initial Submission | X100: 44474 | Y100: 44475 | AE100: =LEFT(M100, FIND(" ", M100 & " ") - 1) -> P000102 | AF100: =_xlfn.XLOOKUP(AE100, Hoja2!A:A, Hoja2!A:A) -> P000102 | AG100: =LEFT(B100, FIND(" ", B100 & " ") - 1) -> PP00008-01 | AH100: =_xlfn.XLOOKUP(AG100, Hoja3!A:A, Hoja3!B:B) -> 5554 | AI100: =_xlfn.XLOOKUP(AH100, Hoja4!A:A, Hoja4!B:B) -> 2851121 | AJ100: =H100=AI100 -> TRUE
A101: =IF(X101="",(TODAY()-C101),(X101-C101)) -> 6350 | B101: PP00018-39 | C101: 38547 | D101: PSW Pending Approve | E101: UPM | F101: Lear | G101: North America | H101: E35101200 | I101: ET12 | J101: =IF(E101="KTG","KTG",(VLOOKUP(I101,'[1]list of outsource'!B:H,2,0))) -> UPM | K101: D000006 | M101: P000149 | N101: ET12-11.0/2.4-25MM-CLR | U101: 2 | W101: Initial Submission | X101: 44897 | AE101: =LEFT(M101, FIND(" ", M101 & " ") - 1) -> P000149 | AF101: =_xlfn.XLOOKUP(AE101, Hoja2!A:A, Hoja2!A:A) -> P000149 | AG101: =LEFT(B101, FIND(" ", B101 & " ") - 1) -> PP00018-39 | AH101: =_xlfn.XLOOKUP(AG101, Hoja3!A:A, Hoja3!B:B) -> 5281 | AI101: =_xlfn.XLOOKUP(AH101, Hoja4!A:A, Hoja4!B:B) -> E35101200 | AJ101: =H101=AI101 -> TRUE
A102: =IF(X102="",(TODAY()-C102),(X102-C102)) -> 6173 | B102: PP00018-4 | C102: 38547 | D102: Approved 2022 | E102: UPM | F102: Lear | G102: North America | H102: E35563000 | I102: ET00 | J102: =IF(E102="KTG","KTG",(VLOOKUP(I102,'[1]list of outsource'!B:H,2,0))) -> Woer | K102: D000002 | M102: P000179 | N102: ET00 SWS135-55PXV000, 6.4/3.2-50mm-BLK | U102: 2 | W102: Initial Submission | X102: 44720 | Y102: 44722 | AE102: =LEFT(M102, FIND(" ", M102 & " ") - 1) -> P000179 | AF102: =_xlfn.XLOOKUP(AE102, Hoja2!A:A, Hoja2!A:A) -> P000179 | AG102: =LEFT(B102, FIND(" ", B102 & " ") - 1) -> PP00018-4 | AH102: =_xlfn.XLOOKUP(AG102, Hoja3!A:A, Hoja3!B:B) -> 5282 | AI102: =_xlfn.XLOOKUP(AH102, Hoja4!A:A, Hoja4!B:B) -> E35563000 | AJ102: =H102=AI102 -> TRUE
A103: =IF(X103="",(TODAY()-C103),(X103-C103)) -> 5928 | B103: PP00008-02 | C103: 38546 | D103: Approved 2021 | E103: UPM | F103: PKC | G103: Mexico | H103: 2851122 | I103: ET22 | J103: =IF(E103="KTG","KTG",(VLOOKUP(I103,'[1]list of outsource'!B:H,2,0))) -> UPM | K103: D000030 | M103: P000103 | N103: ET22 DWS125-40PXYEVH, 7.5/1.7-75mm Black | U103: 2 | W103: Initial Submission | X103: 44474 | Y103: 44475 | AE103: =LEFT(M103, FIND(" ", M103 & " ") - 1) -> P000103 | AF103: =_xlfn.XLOOKUP(AE103, Hoja2!A:A, Hoja2!A:A) -> P000103 | AG103: =LEFT(B103, FIND(" ", B103 & " ") - 1) -> PP00008-02 | AH103: =_xlfn.XLOOKUP(AG103, Hoja3!A:A, Hoja3!B:B) -> 5556 | AI103: =_xlfn.XLOOKUP(AH103, Hoja4!A:A, Hoja4!B:B) -> 2851122 | AJ103: =H103=AI103 -> TRUE
A104: =IF(X104="",(TODAY()-C104),(X104-C104)) -> 6343 | B104: PP00018-40 | C104: 38547 | D104: Approved 2022 | E104: UPM | F104: Lear | G104: North America | H104: E34750200 | I104: ET15 | J104: =IF(E104="KTG","KTG",(VLOOKUP(I104,'[1]list of outsource'!B:H,2,0))) -> UPM | K104: D000009 | M104: P000128 | N104: ET15-6.0/1.3-30MM-BLK | U104: 2 | W104: Initial Submission | X104: 44890 | Y104: 44890 | AE104: =LEFT(M104, FIND(" ", M104 & " ") - 1) -> P000128 | AF104: =_xlfn.XLOOKUP(AE104, Hoja2!A:A, Hoja2!A:A) -> P000128 | AG104: =LEFT(B104, FIND(" ", B104 & " ") - 1) -> PP00018-40 | AH104: =_xlfn.XLOOKUP(AG104, Hoja3!A:A, Hoja3!B:B) -> 5283 | AI104: =_xlfn.XLOOKUP(AH104, Hoja4!A:A, Hoja4!B:B) -> E34750200 | AJ104: =H104=AI104 -> TRUE
A105: =IF(X105="",(TODAY()-C105),(X105-C105)) -> 6343 | B105: PP00018-41 | C105: 38547 | D105: Approved 2022 | E105: UPM | F105: Lear | G105: North America | H105: E34749800 | I105: ET15 | J105: =IF(E105="KTG","KTG",(VLOOKUP(I105,'[1]list of outsource'!B:H,2,0))) -> UPM | K105: D000009 | M105: P000132 | N105: ET15-12.0/3.0-30MM-BLK | U105: 2 | W105: Initial Submission | X105: 44890 | Y105: 44893 | AE105: =LEFT(M105, FIND(" ", M105 & " ") - 1) -> P000132 | AF105: =_xlfn.XLOOKUP(AE105, Hoja2!A:A, Hoja2!A:A) -> P000132 | AG105: =LEFT(B105, FIND(" ", B105 & " ") - 1) -> PP00018-41 | AH105: =_xlfn.XLOOKUP(AG105, Hoja3!A:A, Hoja3!B:B) -> 5284 | AI105: =_xlfn.XLOOKUP(AH105, Hoja4!A:A, Hoja4!B:B) -> E34749800 | AJ105: =H105=AI105 -> TRUE
A106: =IF(X106="",(TODAY()-C106),(X106-C106)) -> 6343 | B106: PP00018-42 | C106: 38547 | D106: Approved 2022 | E106: UPM | F106: Lear | G106: North America | H106: E35053200 | I106: ET15 | J106: =IF(E106="KTG","KTG",(VLOOKUP(I106,'[1]list of outsource'!B:H,2,0))) -> UPM | K106: D000009 | M106: P000134 | N106: ET15-18.3/4.4-40MM-BLK | U106: 2 | W106: Initial Submission | X106: 44890 | Y106: 44893 | AE106: =LEFT(M106, FIND(" ", M106 & " ") - 1) -> P000134 | AF106: =_xlfn.XLOOKUP(AE106, Hoja2!A:A, Hoja2!A:A) -> P000134 | AG106: =LEFT(B106, FIND(" ", B106 & " ") - 1) -> PP00018-42 | AH106: =_xlfn.XLOOKUP(AG106, Hoja3!A:A, Hoja3!B:B) -> 5285 | AI106: =_xlfn.XLOOKUP(AH106, Hoja4!A:A, Hoja4!B:B) -> E35053200 | AJ106: =H106=AI106 -> TRUE
A107: =IF(X107="",(TODAY()-C107),(X107-C107)) -> 6344 | B107: PP00018-43 | C107: 38546 | D107: Approved 2022 | E107: UPM | F107: Lear | G107: North America | H107: E34285100 | I107: ET22 | J107: =IF(E107="KTG","KTG",(VLOOKUP(I107,'[1]list of outsource'!B:H,2,0))) -> UPM | K107: D000030 | M107: P000123 | N107: ET22-11.0/2.4-35MM-BLK | U107: 2 | W107: Initial Submission | X107: 44890 | Y107: 44893 | AE107: =LEFT(M107, FIND(" ", M107 & " ") - 1) -> P000123 | AF107: =_xlfn.XLOOKUP(AE107, Hoja2!A:A, Hoja2!A:A) -> P000123 | AG107: =LEFT(B107, FIND(" ", B107 & " ") - 1) -> PP00018-43 | AH107: =_xlfn.XLOOKUP(AG107, Hoja3!A:A, Hoja3!B:B) -> 5286 | AI107: =_xlfn.XLOOKUP(AH107, Hoja4!A:A, Hoja4!B:B) -> E34285100 | AJ107: =H107=AI107 -> TRUE
A108: =IF(X108="",(TODAY()-C108),(X108-C108)) -> 6344 | B108: PP00018-44 | C108: 38546 | D108: Approved 2022 | E108: UPM | F108: Lear | G108: North America | H108: E34515200 | I108: ET22 | J108: =IF(E108="KTG","KTG",(VLOOKUP(I108,'[1]list of outsource'!B:H,2,0))) -> UPM | K108: D000030 | M108: P000136 | N108: ET22-5.7/1.3-35MM-BLK | U108: 2 | W108: Initial Submission | X108: 44890 | Y108: 44893 | AE108: =LEFT(M108, FIND(" ", M108 & " ") - 1) -> P000136 | AF108: =_xlfn.XLOOKUP(AE108, Hoja2!A:A, Hoja2!A:A) -> P000136 | AG108: =LEFT(B108, FIND(" ", B108 & " ") - 1) -> PP00018-44 | AH108: =_xlfn.XLOOKUP(AG108, Hoja3!A:A, Hoja3!B:B) -> 5287 | AI108: =_xlfn.XLOOKUP(AH108, Hoja4!A:A, Hoja4!B:B) -> E34515200 | AJ108: =H108=AI108 -> TRUE
A109: =IF(X109="",(TODAY()-C109),(X109-C109)) -> 6344 | B109: PP00018-45 | C109: 38546 | D109: Approved 2022 | E109: UPM | F109: Lear | G109: North America | H109: E34991600 | I109: ET22 | J109: =IF(E109="KTG","KTG",(VLOOKUP(I109,'[1]list of outsource'!B:H,2,0))) -> UPM | K109: D000030 | M109: P000145 | N109: ET22-7.5/1.7-27MM-BLK | U109: 2 | W109: Initial Submission | X109: 44890 | Y109: 44893 | AE109: =LEFT(M109, FIND(" ", M109 & " ") - 1) -> P000145 | AF109: =_xlfn.XLOOKUP(AE109, Hoja2!A:A, Hoja2!A:A) -> P000145 | AG109: =LEFT(B109, FIND(" ", B109 & " ") - 1) -> PP00018-45 | AH109: =_xlfn.XLOOKUP(AG109, Hoja3!A:A, Hoja3!B:B) -> 5288 | AI109: =_xlfn.XLOOKUP(AH109, Hoja4!A:A, Hoja4!B:B) -> E34991600 | AJ109: =H109=AI109 -> TRUE
A110: =IF(X110="",(TODAY()-C110),(X110-C110)) -> 6368 | B110: PP00018-46 | C110: 38547 | D110: Approved 2022 | E110: ETC | F110: Lear | G110: North America | H110: E39029300 | I110: ET25 | J110: =IF(E110="KTG","KTG",(VLOOKUP(I110,'[1]list of outsource'!B:H,2,0))) -> ETC | K110: D000060 | M110: P000296 | N110: ET25-14.0/3.0-50MM-BLK | U110: 2 | W110: Initial Submission | X110: 44915 | Y110: 44915 | AE110: =LEFT(M110, FIND(" ", M110 & " ") - 1) -> P000296 | AF110: =_xlfn.XLOOKUP(AE110, Hoja2!A:A, Hoja2!A:A) -> P000296 | AG110: =LEFT(B110, FIND(" ", B110 & " ") - 1) -> PP00018-46 | AH110: =_xlfn.XLOOKUP(AG110, Hoja3!A:A, Hoja3!B:B) -> 5289 | AI110: =_xlfn.XLOOKUP(AH110, Hoja4!A:A, Hoja4!B:B) -> E39029300 | AJ110: =H110=AI110 -> TRUE
A111: =IF(X111="",(TODAY()-C111),(X111-C111)) -> 6369 | B111: PP00018-47 | C111: 38546 | D111: Approved 2022 | E111: UPM | F111: Lear | G111: North America | H111: E39043100 | I111: ET22 | J111: =IF(E111="KTG","KTG",(VLOOKUP(I111,'[1]list of outsource'!B:H,2,0))) -> UPM | K111: D000030 | M111: P000177 | N111: ET22-7.5/1.7-65MM-BLk | U111: 2 | W111: Initial Submission | X111: 44915 | Y111: 44915 | AE111: =LEFT(M111, FIND(" ", M111 & " ") - 1) -> P000177 | AF111: =_xlfn.XLOOKUP(AE111, Hoja2!A:A, Hoja2!A:A) -> P000177 | AG111: =LEFT(B111, FIND(" ", B111 & " ") - 1) -> PP00018-47 | AH111: =_xlfn.XLOOKUP(AG111, Hoja3!A:A, Hoja3!B:B) -> 5290 | AI111: =_xlfn.XLOOKUP(AH111, Hoja4!A:A, Hoja4!B:B) -> E39043100 | AJ111: =H111=AI111 -> TRUE
A112: =IF(X112="",(TODAY()-C112),(X112-C112)) -> 6173 | B112: PP00018-5 | C112: 38547 | D112: Approved 2022 | E112: UPM | F112: Lear | G112: North America | H112: E35563100 | I112: ET00 | J112: =IF(E112="KTG","KTG",(VLOOKUP(I112,'[1]list of outsource'!B:H,2,0))) -> Woer | K112: D000002 | M112: P000180 | N112: ET00 SWS135-55PXV000, 9.5/4.8-50mm-BLK | U112: 2 | W112: Initial Submission | X112: 44720 | Y112: 44722 | AE112: =LEFT(M112, FIND(" ", M112 & " ") - 1) -> P000180 | AF112: =_xlfn.XLOOKUP(AE112, Hoja2!A:A, Hoja2!A:A) -> P000180 | AG112: =LEFT(B112, FIND(" ", B112 & " ") - 1) -> PP00018-5 | AH112: =_xlfn.XLOOKUP(AG112, Hoja3!A:A, Hoja3!B:B) -> 5291 | AI112: =_xlfn.XLOOKUP(AH112, Hoja4!A:A, Hoja4!B:B) -> E35563100 | AJ112: =H112=AI112 -> TRUE
A113: =IF(X113="",(TODAY()-C113),(X113-C113)) -> 6179 | B113: PP00018-6 | C113: 38547 | D113: Approved 2022 | E113: ETC | F113: Lear | G113: North America | H113: E35100200 | I113: ET86 | J113: =IF(E113="KTG","KTG",(VLOOKUP(I113,'[1]list of outsource'!B:H,2,0))) -> ETC | K113: D000064 | M113: P000163 | N113: ET86 DWS125-40PXYEVF, 11.5/2.5-50mm-BLK | U113: 2 | W113: Initial Submission | X113: 44726 | Y113: 44733 | AE113: =LEFT(M113, FIND(" ", M113 & " ") - 1) -> P000163 | AF113: =_xlfn.XLOOKUP(AE113, Hoja2!A:A, Hoja2!A:A) -> P000163 | AG113: =LEFT(B113, FIND(" ", B113 & " ") - 1) -> PP00018-6 | AH113: =_xlfn.XLOOKUP(AG113, Hoja3!A:A, Hoja3!B:B) -> 5292 | AI113: =_xlfn.XLOOKUP(AH113, Hoja4!A:A, Hoja4!B:B) -> E35100200 | AJ113: =H113=AI113 -> TRUE
A114: =IF(X114="",(TODAY()-C114),(X114-C114)) -> 6199 | B114: PP00018-7 | C114: 38547 | D114: Approved 2022 | E114: ETC | F114: Lear | G114: North America | H114: E35100400 | I114: ET86 | J114: =IF(E114="KTG","KTG",(VLOOKUP(I114,'[1]list of outsource'!B:H,2,0))) -> ETC | K114: D000064 | M114: P000165 | N114: ET86 DWS125-40PXYEVF, 17.7/4.5-40mm-BLK | U114: 2 | W114: Initial Submission | X114: 44746 | Y114: 44747 | AE114: =LEFT(M114, FIND(" ", M114 & " ") - 1) -> P000165 | AF114: =_xlfn.XLOOKUP(AE114, Hoja2!A:A, Hoja2!A:A) -> P000165 | AG114: =LEFT(B114, FIND(" ", B114 & " ") - 1) -> PP00018-7 | AH114: =_xlfn.XLOOKUP(AG114, Hoja3!A:A, Hoja3!B:B) -> 5293 | AI114: =_xlfn.XLOOKUP(AH114, Hoja4!A:A, Hoja4!B:B) -> E35100400 | AJ114: =H114=AI114 -> TRUE
A115: =IF(X115="",(TODAY()-C115),(X115-C115)) -> 6199 | B115: PP00018-8 | C115: 38547 | D115: Approved 2022 | E115: ETC | F115: Lear | G115: North America | H115: E35100800 | I115: ET86 | J115: =IF(E115="KTG","KTG",(VLOOKUP(I115,'[1]list of outsource'!B:H,2,0))) -> ETC | K115: D000064 | M115: P000166 | N115: ET86 DWS125-40PXYEVF, 17.7/4.5-50mm-BLK | U115: 2 | W115: Initial Submission | X115: 44746 | Y115: 44747 | AE115: =LEFT(M115, FIND(" ", M115 & " ") - 1) -> P000166 | AF115: =_xlfn.XLOOKUP(AE115, Hoja2!A:A, Hoja2!A:A) -> P000166 | AG115: =LEFT(B115, FIND(" ", B115 & " ") - 1) -> PP00018-8 | AH115: =_xlfn.XLOOKUP(AG115, Hoja3!A:A, Hoja3!B:B) -> 5294 | AI115: =_xlfn.XLOOKUP(AH115, Hoja4!A:A, Hoja4!B:B) -> E35100800 | AJ115: =H115=AI115 -> TRUE
... A118: =IF(X118="",(TODAY()-C118),(X118-C118)) -> 6222 | B118: PP00022-1 | C118: 38546 | D118: Approved 2022 | E118: UPM | F118: CEMM | G118: Mexico | H118: GAT125 | I118: ET22 | J118: =IF(E118="KTG","KTG",(VLOOKUP(I118,'[1]list of outsource'!B:H,2,0))) -> UPM | K118: D000030 | M118: P000109 | N118: ET22 DWS125-40PXYEVH, 7.5/1.7-35mm BLK | U118: 2 | W118: Annual Validation | X118: 44768 | Y118: 44771 | AE118: =LEFT(M118, FIND(" ", M118 & " ") - 1) -> P000109 | AF118: =_xlfn.XLOOKUP(AE118, Hoja2!A:A, Hoja2!A:A) -> P000109 | AG118: =LEFT(B118, FIND(" ", B118 & " ") - 1) -> PP00022-1 | AH118: =_xlfn.XLOOKUP(AG118, Hoja3!A:A, Hoja3!B:B) -> 4045 | AI118: =_xlfn.XLOOKUP(AH118, Hoja4!A:A, Hoja4!B:B) -> GAT125 | AJ118: =H118=AI118 -> TRUE
...

Sheet Hoja2
A1: 1230ES-19-25-SLV
A2: 1230ES-9-25-SLV
A3: 1238X-19-25-SLV
A4: 1238X-25-25-SLV
A5: 1238XLT1-180-50-SIL
A6: 1239X-19-25-SLV
A7: 1239X-25-25-SLV
A8: 1239X-30-25-SLV
A9: 1239X-32-25-SLV
A10: 1288X-19-25-SLV
A11: 1288X-25-25-BLK
A12: 1288X-32-25-SLV
... A1289: P500063

Sheet Hoja3
A1: PP00003-1 | B1: 104
A2: PP00003-2 | B2: 107
A3: PP00003-3 | B3: 108
A4: PP00003-4 | B4: 105
A5: PP00003-5 | B5: 103
A6: PP00007-1 | B6: 5552
A7: PP00008-01 | B7: 5554
A8: PP00008-01 | B8: 5554
A9: PP00008-02 | B9: 5556
A10: PP00008-02 | B10: 5556
A11: PP00010-1 | B11: 5236
A12: PP00010-2 | B12: 5238
... A1002: PP00028-0063 | B1002: 5300

Sheet Hoja4
A1: 2 | B1: M1185 | C1: 2 | D1: 512-19-25-BLK
A2: 3 | B2: M1372-BE | C2: 2 | D2: 651MSX-19-33-BLU
A3: 4 | B3: M1547 | C3: 2 | D3: 832MPXRT-35-10-BLK-RT
A4: 5 | B4: M1514 | C4: 2 | D4: 833MPX-38-5-BLK
A5: 6 | B5: M0802 | C5: 2 | D5: 8375X-19-25-BLK
A6: 7 | B6: M1317 | C6: 2 | D6: 837X-19-25-BLK
A7: 8 | B7: M1517 | C7: 2 | D7: 837X-38-25-BLK
A8: 9 | B8: M1212 | C8: 2 | D8: 839X-19-25-BLK
A9: 10 | B9: M1528 | C9: 2 | D9: 8550X-19-25-BLK
A10: 11 | B10: M1502 | C10: 2 | D10: 8550X-25-25-BLK
A11: 12 | B11: 505-19-25-BLK | C11: 3 | D11: 505-19-25-BLK
A12: 13 | B12: 505-25 | C12: 3 | D12: 505-25-25-BLK
... A74: 78 | B74: 8550-25-25-BLK | C74: 91 | D74: 8550-25-25-BLK
A75: 80 | B75: 252366 | C75: 98 | D75: P000336
A76: 81 | B76: 252367 | C76: 98 | D76: P000337
A77: 82 | B77: 249390 | C77: 98 | D77: P000341
A78: 83 | B78: TBD | C78: 98 | D78: P200249
A79: 84 | B79: 317-19-33-BLK | C79: 102 | D79: 317-19-33-BLK
A80: 85 | B80: 8310SE-19-25-BLK | C80: 102 | D80: 8310SE-19-25-BLK
A81: 86 | B81: 8375X-19-25-BLK | C81: 102 | D81: 8375X-19-25-BLK
A82: 87 | B82: 837X-19-25-BLK | C82: 102 | D82: 837X-19-25-BLK
A83: 88 | B83: 837X-25-25-BLK | C83: 102 | D83: 837X-25-25-BLK
A84: 89 | B84: 837X-9-25-BLK | C84: 102 | D84: 837X-9-25-BLK
A85: 90 | B85: G141043 | C85: 105 | D85: 837X-19-25-BLK
A86: 91 | B86: 615810001 | C86: 254 | D86: 837X-9-25-BLK
A87: 92 | B87: 837X | C87: 236 | D87: 837X-19-25-BLK
A88: 93 | B88: 651MSX-19-33-BLK | C88: 237 | D88: 651MSX-19-33-BLK
A89: 94 | B89: 839-19-25-BLK | C89: 237 | D89: 839-19-25-BLK
A90: 95 | B90: 839X-9-25-BLK | C90: 237 | D90: 839X-9-25-BLK
A91: 96 | B91: 8550X-19-25 | C91: 237 | D91: 8550X-19-25-BLK
A92: 97 | B92: 2509328C1 | C92: 242 | D92: 8575X-25-5-BLK
A93: 100 | B93: 95819518 | C93: 243 | D93: 832MPX-19-15-BLK
A94: 103 | B94: 95850007 | C94: 243 | D94: E101701
A95: 104 | B95: 95850329 | C95: 243 | D95: E101702
A96: 105 | B96: 95850332 | C96: 243 | D96: E101703
A97: 107 | B97: 95850330 | C97: 243 | D97: E101705
A98: 108 | B98: 95850331 | C98: 243 | D98: E101706
A99: 109 | B99: 95890015 | C99: 243 | D99: E101707
A100: 110 | B100: 95850340 | C100: 243 | D100: E101709
A101: 111 | B101: 95850698 | C101: 243 | D101: E101710
A102: 112 | B102: 95850340 | C102: 243 | D102: E47402
A103: 113 | B103: 96870013 | C103: 243 | D103: ET008-500
A104: 114 | B104: 95821077 | C104: 243 | D104: P000076
A105: 115 | B105: 95849363 | C105: 243 | D105: P000677
A106: 116 | B106: 8310SE-25 | C106: 245 | D106: 8310SE-25-25-BLK
A107: 117 | B107: 837X-19-25-BLK | C107: 246 | D107: 837X-19-25-BLK
A108: 119 | B108: 8310SE-19mm-25m | C108: 248 | D108: 8310SE-19-25-BLK
A109: 120 | B109: 8575X-19-5 | C109: 248 | D109: 8575X-19-5-BLK
A110: 121 | B110: 122G0-004059-01 | C110: 642 | D110: 317-9-33-WHT
A111: 124 | B111: 122G0-004313-01 | C111: 642 | D111: 832MPX-19-15-BLK
A112: 125 | B112: 120G0-005808-01 | C112: 642 | D112: 832MPXTT-18-850-BLK
A113: 126 | B113: 122GO-002704-01 | C113: 642 | D113: 834MPX-19-5-BLK
A114: 127 | B114: 122G0-003092-01 | C114: 642 | D114: 835X-19-25-BLK
A115: 128 | B115: 122G0-000937-01 | C115: 642 | D115: 837X-19-25-BLK
A116: 129 | B116: 122G0-001488-01 | C116: 642 | D116: 837X-25-25-BLK
A117: 130 | B117: 122G0-003397-01 | C117: 642 | D117: 837XRT-35-10-BLK-RT
... A128: 141 | B128: 651MSX-19-33-BLK | C128: 256 | D128: 651MSX-19-33-BLK
A129: 142 | B129: 50193 | C129: 257 | D129: 835X-19-25-BLK
A130: 143 | B130: 50169 | C130: 257 | D130: 837X-19-25-ORG
A131: 144 | B131: 51017 | C131: 257 | D131: 837XRT-35-10-BLK-RT
A132: 145 | B132: 1-9-0136602 | C132: 258 | D132: 651MSX-19-33-BLK
A133: 146 | B133: 1-9-0143799 | C133: 258 | D133: 8375X-19-25-ORG
A134: 147 | B134: 1-9-011509 | C134: 258 | D134: 837X-19-25-BLK
A135: 148 | B135: 1-9-0144516 | C135: 258 | D135: 837XRT-35-10-BLK-RT
A136: 149 | B136: 10-750006-031 | C136: 259 | D136: 837X-19-25-BLK
A137: 150 | B137: 8550-9-25-BLK | C137: 260 | D137: 8550-9-25-BLK
A138: 151 | B138: 10176895-001 | C138: 261 | D138: 8310SE-19-25-BLK
A139: 152 | B139: 10173843-001 | C139: 261 | D139: 837X-19-25-BLK
A140: 153 | B140: 10173694-001 | C140: 261 | D140: 837X-19-25-ORG
A141: 154 | B141: 838X-9-50-BLK | C141: 261 | D141: 838X-9-50-BLK-3
A142: 155 | B142: 10164237-001 | C142: 261 | D142: 839-19-25-BLK
A143: 156 | B143: 10164237-002 | C143: 261 | D143: 839-9-25-BLK
... A147: 3766 | B147: 302-15-10-BLU | C147: 275 | D147: 302-15-10-BLU
A148: 3767 | B148: 72573 | C148: 275 | D148: 302-15-33-BU
A149: 3768 | B149: 57227 | C149: 275 | D149: 302-15-33-GN
A150: 3769 | B150: 71376 | C150: 275 | D150: 317-19-33-ORG
A151: 3770 | B151: 57225 | C151: 275 | D151: 651MSX-19-33-BLK
A152: 3771 | B152: 53346 | C152: 275 | D152: 839-19-25-BLK
A153: 3772 | B153: 837X-25-25-BLK | C153: 277 | D153: 837X-25-25-BLK
A154: 3773 | B154: 8550-19-25-BLK | C154: 278 | D154: 8550-19-25-BLK
A155: 3774 | B155: MTP03781AB | C155: 280 | D155: 8375X-19-25-ORG
A156: 3775 | B156: 292305 | C156: 282 | D156: 837X-38-25-BLK
A157: 3776 | B157: 805375 | C157: 283 | D157: 837X-19-25-BLK
A158: 3777 | B158: 807277 | C158: 283 | D158: 837X-19-25-ORG
A159: 3778 | B159: 8375x-19 | C159: 370 | D159: 8375X-19-25-BLK
A160: 3779 | B160: 837X | C160: 284 | D160: 837X-19-25-BLK
A161: 3780 | B161: S-T224619 | C161: 285 | D161: 8575X-19-5-BLK
A162: 3781 | B162: AD-0076 | C162: 286 | D162: 837X-19-25-BLK
A163: 3782 | B163: 1027554 | C163: 289 | D163: P000645
A164: 3783 | B164: 1029294 | C164: 289 | D164: P000646
A165: 3784 | B165: 1027553 | C165: 289 | D165: P000850
A166: 3785 | B166: 317-19-33-BLK | C166: 290 | D166: 317-19-33-BLK
A167: 3786 | B167: 835X | C167: 290 | D167: 835X-19-25-BLK
A168: 3787 | B168: 837X-19-25-BLK | C168: 294 | D168: 837X-19-25-BLK
A169: 3788 | B169: 35758579 | C169: 294 | D169: P000205
A170: 3789 | B170: 35758282 | C170: 294 | D170: P000235
A171: 3790 | B171: 35848727 | C171: 294 | D171: P000277
A172: 3791 | B172: 35758202 | C172: 294 | D172: P000339
A173: 3792 | B173: 35738189 | C173: 294 | D173: P000340
A174: 3793 | B174: 35738185 | C174: 294 | D174: P000352
...
